country,1970,1971,1972,1973,1974,1975,1976,1977,1978,1979,1980,1981,1982,1983,1984,1985,1986,1987,1988,1989,1990,1991,1992,1993,1994,1995,1996,1997,1998,1999,2000,2001,2002,2003,2004,2005,2006,2007,2008,2009,2010,2011,2012,2013,2014,2015,2016,2017
Afghanistan,0.0132,0.0246,0.0094,0.0156,,,0.00157,-0.00813,,0.0324,0.247,0.00517,,,,,,,,,,,,,,,,,,,,0.0276,1.21,1.26,3.54,4.32,3.37,1.92,0.396,0.449,1.2,0.291,0.277,0.238,0.208,0.88,0.481,0.256
Albania,,,,,,,,,,,,,,,,,,,,,,,2.82,4.72,2.67,2.89,2.72,2.01,1.66,1.21,3.94,5.1,3.04,3.1,4.67,3.22,3.62,6.1,9.73,11.2,9.14,8.13,7.45,9.82,8.69,8.69,8.79,7.84
Algeria,1.65,0.0118,0.614,0.585,2.71,0.765,1.05,0.851,0.513,0.0773,0.823,0.0298,-0.118,0.00086,0.00149,0.00069,0.00835,0.00556,0.022,0.0217,0.00054,0.0255,0.0625,,,,0.575,0.54,1.26,0.6,0.511,2.03,1.88,0.94,1.03,1.12,1.57,1.25,1.54,2,1.43,1.29,0.718,0.807,0.703,-0.324,1.03,0.705
Angola,,,,,,,,,,,0.631,0.884,2.09,1.8,1.1,3.68,3.31,1.47,1.49,1.96,-2.98,6.27,3.47,5.24,3.84,8.53,2.4,5.38,17.1,40.2,9.62,24,14,25.2,11.2,-4.62,-0.0902,-1.48,1.99,2.92,-3.91,-2.9,-6.05,-5.7,1.52,9.05,-0.188,-5.96
Antigua and Barbuda,,,,,,,,2.84,-7.85,7.79,14.9,15.2,14,2.75,2.11,6.48,7.78,11.4,8.27,9.82,13.2,11.4,3.94,2.85,4.21,5.45,3.05,3.37,3.13,6.76,5.19,12.3,8.09,19.4,8.74,21.6,31,25.8,11.6,6.59,8.39,5.71,10.7,11.3,3.36,7.05,3.35,3.97
Argentina,0.284,0.377,0.206,0.191,0.0247,0.106,0.478,0.254,0.43,0.297,0.881,1.06,0.269,0.178,0.339,1.04,0.517,-0.0171,0.909,1.34,1.3,1.29,1.94,1.18,1.41,2.17,2.55,3.13,2.44,8.46,3.67,0.806,2.2,1.29,2.51,2.65,2.38,2.25,2.69,1.21,2.68,2.04,2.81,1.78,0.962,1.98,0.588,1.81
Armenia,,,,,,,,,,,,,,,,,,,,,,,0.189,0.0666,0.608,1.72,1.1,3.17,11.7,6.61,5.45,3.3,4.66,4.38,6.91,5.96,7.31,7.25,8.09,8.79,5.72,6.44,4.68,3.11,3.48,1.69,3.21,2.16
Australia,2.18,2.55,2.03,0.231,1.5,0.468,0.994,1.03,1.42,1.11,1.25,1.33,1.22,1.69,0.194,1.14,2.93,2.78,3.13,2.43,2.61,1.33,1.75,1.39,1.55,3.28,1.54,1.76,1.49,0.852,3.59,2.83,3.72,1.93,7.01,-3.62,4.1,5.22,4.29,3.1,3.08,4.7,3.73,3.43,3.14,2.77,3.31,3.41
Austria,0.733,0.799,0.659,0.545,0.503,0.197,0.212,0.188,0.229,0.254,0.292,0.461,0.292,0.3,0.17,0.249,0.188,0.33,0.327,0.441,0.392,0.207,0.739,0.593,1.04,0.788,1.86,1.23,2.13,1.39,4.33,2.99,0.149,2.71,1.29,25.7,3.12,17.7,1.47,3.57,-5.62,5.33,1.27,0.105,0.388,-2.24,-7.66,3.3
Azerbaijan,,,,,,,,,,,,,,,,,,,,,,,,,,10.8,19.7,28.1,23,11.1,2.46,14.4,32.5,55.1,54.4,33.8,21.4,13.9,8.16,6.55,6.34,6.8,7.6,3.53,5.89,7.63,11.9,7.04
Bahamas,,,,,,,2.27,4.4,-0.132,0.842,0.307,2.41,0.177,-0.346,-0.24,-1.3,-0.534,0.398,1.3,0.83,-0.546,-0.0418,0.00965,0.876,0.718,3.11,2.43,3.32,2.15,1.94,3.1,1.23,1.72,2.14,3.02,5.73,6.95,6.72,8.17,6.65,8.64,6.62,4.91,3.6,2.29,0.645,0.623,7.63
Bahrain,,,,,,,,,,,-13.6,0.12,0.781,1.72,3.6,2.77,-1.05,-1.06,6,4.68,-4.32,13.4,18.3,-5.29,3.74,7.36,33.6,5.19,2.9,6.85,4.01,0.895,2.25,4.67,6.58,6.57,15.8,8.08,6.98,1.12,0.606,2.71,5.02,11.5,4.55,0.208,0.757,1.47
Bangladesh,,,0.00143,0.0289,0.0176,0.00794,0.0536,0.0723,0.058,-0.0515,0.0469,0.0265,0.0376,0.00229,-0.00292,-0.0299,0.0112,0.0132,0.00692,0.00086,0.0103,0.00449,0.0117,0.0424,0.033,0.005,0.0291,0.289,0.38,0.35,0.525,0.145,0.0956,0.446,0.689,1.1,0.636,0.818,1.45,0.879,1.07,0.983,1.19,1.74,1.47,1.45,1.05,0.862
Barbados,,,,,0.54,4.82,1.34,0.837,1.38,0.675,0.275,0.75,0.397,0.294,0.00369,0.342,0.498,0.414,0.634,0.414,0.554,0.369,0.741,0.459,0.602,0.519,0.551,0.581,0.548,0.576,0.622,0.595,0.549,1.78,-0.344,6.11,8.06,9.99,10,10.3,15,8.32,9.39,-0.175,12.1,1.52,5.07,5.97
Belarus,,,,,,,,,,,,,,,,,,,,,,,0.0411,0.108,0.0703,0.105,0.708,2.49,1.33,3.66,0.933,0.775,1.69,0.964,0.708,1.01,0.966,3.99,3.6,3.81,2.44,6.48,2.23,2.97,2.36,2.93,2.61,2.34
Belgium,,,,,,,,,,,,,,,,,,,,,,,,,,,,,,,,,6.98,10.8,12,8.7,14.4,20.5,36.7,17.9,23.1,30,1.34,-5.45,-4.51,-6.4,7.92,-6.31
Belize,13.3,5.64,,,,,,,1.47,-0.0329,,-1.04,,,-1.75,1.77,2.02,2.48,4.45,5.14,4.16,3.06,3.01,1.64,2.65,3.39,2.59,1.83,2.56,7.31,3.55,7.02,2.73,-1.1,10.5,11.4,8.94,10.9,12.4,8.14,6.9,6.41,12.3,5.72,8.28,3.32,1.8,1.39
Benin,2.01,0.836,1.17,0.694,-0.422,0.279,0.351,0.417,0.0811,0.301,0.307,0.162,-0.00096,0.00096,0.00109,-0.00861,0.0823,0.0064,,4.13,3.18,6.08,4.58,0.0617,0.854,0.614,1.5,1.19,1.55,1.46,-0.497,0.624,-0.632,0.272,-0.9,-0.183,-0.24,2.33,0.673,-0.264,0.767,2.06,3.45,3.93,4.17,1.8,1.54,1.99
Bhutan,,,,,,,,,,,,,,,,,,,,,0.534,0.24,,,,0.0165,0.442,-0.191,,0.251,,,0.452,0.542,1.26,0.758,0.682,6.17,0.25,1.45,4.75,1.71,1.34,1.14,1.21,0.313,0.537,-0.659
Bolivia,1.94,0.173,1.29,0.364,2.11,2.56,-0.296,-0.0372,0.306,1.52,2.01,2.53,1.09,0.24,0.211,0.353,0.505,1.56,-0.22,-0.517,0.559,0.973,1.65,2.16,2.18,5.85,6.41,9.22,11.2,12.2,8.77,8.67,8.56,2.44,0.746,-2.5,2.45,2.79,3.07,2.44,3.17,3.58,3.91,5.71,1.99,1.68,0.988,1.93
Bosnia and Herzegovina,,,,,,,,,,,,,,,,,,,,,,,,,,,,,1.62,3.77,2.65,2.06,4.03,4.56,8.88,5.56,6.57,11.7,5.26,0.786,2.58,2.53,2.28,1.72,2.94,2.36,1.67,2.55
Botswana,,,,,,-10.8,3.03,2.71,6.91,15.6,10.5,8.24,2.08,2.03,5.01,4.81,5.06,5.78,1.51,1.37,2.53,-0.208,-0.0377,-6.9,-0.332,1.49,1.47,1.99,1.99,0.669,0.988,0.559,7.5,5.57,4.36,4.24,4.81,4.52,4.76,2.03,1.71,8.74,3.7,2.67,3.17,4.71,0.825,2.3
Brazil,,,,,,1.05,1.02,1.04,0.999,1.08,0.813,0.956,1.03,0.791,0.763,0.646,0.129,0.398,0.849,0.266,0.214,0.183,0.514,0.295,0.55,0.632,1.32,2.22,3.69,4.77,5.03,4.15,3.27,1.81,2.72,1.73,1.75,3.19,2.99,1.89,4,3.87,3.51,2.82,3.96,4.15,4.34,3.44
Brunei,,,,,,,,,,,,,,,,,,,,,,,,,,,,,,,,1.08,3.93,1.89,1.44,1.84,0.766,2.1,1.54,3.03,3.51,3.73,4.54,4.29,3.32,1.32,-1.32,3.86
Bulgaria,,,,,,,,,,,,,,,,,,,,,0.0194,0.511,0.401,0.369,1.09,0.692,1.08,4.51,3.67,6.07,7.61,5.78,5.56,9.99,11.8,13.8,23.1,31.2,18.9,7.51,3.64,3.66,3.32,3.57,3.64,5.39,3.11,2.91
Burkina Faso,0.0873,0.207,-0.121,0.652,0.355,0.0318,0.21,0.439,0.0784,0.0855,0.00123,0.137,0.111,0.124,0.115,-0.0919,0.154,0.0562,0.142,0.217,0.0148,0.0182,0.139,0.136,0.969,0.413,0.627,0.399,0.157,0.265,0.883,0.326,0.501,0.733,0.0791,0.59,1.44,0.32,0.395,0.674,0.432,1.34,2.95,4.1,2.88,2.22,3.41,3.77
Burundi,,,,,,,,,,,,,,,,0.0468,0.127,0.121,0.111,0.0509,0.111,0.0765,0.0554,0.0505,0.00043,0.198,0.00001,0.00001,0.224,0.0295,1.34,-0.0013,,,0.00488,0.0523,0.00248,0.0369,0.238,0.02,0.0385,0.142,0.0245,4.3,2.64,1.62,0.00184,0.0091
Cambodia,,,,,,,,,,,,,,,,,,,,,,,,2.14,2.47,4.38,8.37,5.92,7.78,6.6,3.22,3.68,3.06,1.75,2.46,5.99,6.64,10,7.87,8.93,11.9,10.7,13.1,12.3,10.3,9.42,11.4,12.6
Cameroon,,,,,,,,0.259,0.919,1.07,1.93,1.77,1.52,2.9,0.226,3.88,-0.854,0.942,0.739,-0.77,-1.01,-0.117,0.256,0.033,-0.085,0.0756,0.964,0.723,2.03,-0.138,1.58,-0.112,4.34,2.3,0.389,1.36,0.305,0.847,0.0792,2.86,2.05,2.22,1.81,1.69,2.07,2.24,2.06,1.93
Canada,2.08,2.29,1.87,2.43,2.32,1.95,1.19,1.59,1.71,2.18,2.12,0.217,0.0287,0.587,1.34,0.372,0.755,1.88,1.2,1.07,1.28,0.471,0.806,0.823,1.42,1.54,1.53,1.77,3.6,3.67,9.2,3.86,3.23,0.786,0.141,2.18,4.89,8.22,4.53,1.53,1.84,2.14,2.71,3.64,3.56,3.95,2.25,1.67
Cape Verde,,,,,,,,,,,,,,,,,-0.00458,1.18,0.226,0.0651,0.0823,0.545,0.126,0.743,0.523,5.37,5.68,2.36,1.73,9,6.34,1.6,2.38,4.82,7.32,8.28,11.9,12.7,11.8,7.36,6.98,5.48,7.31,4.82,9.72,6.02,7.65,6.27
Central African Republic,,,,,,,,-0.561,0.997,3.25,0.67,0.832,1.22,0.678,0.807,0.346,0.727,0.991,-0.303,0.104,0.0484,-0.354,-0.756,-0.78,0.423,0.556,1.08,0.16,0.755,0.598,0.0972,0.556,0.569,0.991,1.19,0.755,2.37,3.34,5.9,2.13,3.1,1.68,3.23,0.122,0.204,0.189,0.423,0.881
Chad,,,,,,,,2.26,3.06,-0.128,-0.0416,-0.0125,-0.0144,-0.0108,0.999,5.19,2.64,0.702,0.087,1.31,0.541,0.226,0.104,1.04,2.29,2.26,2.46,2.87,1.24,1.6,8.32,26.9,46.5,26,10.6,-1.49,-3.75,-3.72,4.5,4.05,2.94,2.32,4.69,4.02,-4.85,5.09,2.6,3.36
Chile,,,,,,0.656,-0.00967,0.15,1.13,1.12,0.734,1.11,1.58,0.663,0.398,0.815,1.67,4,3.72,4.29,2,2.17,2.04,2.1,4.53,4.03,6.17,6.21,5.67,11.7,6.24,5.92,3.66,5.32,6.85,6.07,4.9,7.76,10.3,8.04,7.33,9.57,11.3,7.48,9.11,8.63,4.95,2.32
China,,,,,,,,,,,,,0.21,0.276,0.484,0.536,0.623,0.848,1.02,0.976,0.966,1.14,2.61,6.19,5.99,4.88,4.65,4.6,4.25,3.54,3.48,3.51,3.61,3.49,3.48,4.55,4.51,4.4,3.73,2.56,3.99,3.7,2.82,3.03,2.56,2.19,1.56,1.37
Colombia,0.597,0.551,0.213,0.231,0.331,0.283,0.163,0.334,0.46,0.455,0.47,0.728,0.939,1.6,1.53,2.93,1.93,0.877,0.518,1.46,1.24,1.11,1.48,1.72,1.77,1.05,3.2,5.21,2.87,1.75,2.44,2.59,2.18,1.82,2.66,6.98,4.15,4.28,4.33,3.44,2.24,4.37,4.07,4.26,4.27,4.02,4.94,4.53
Comoros,,,,,,,,,,,,,0.14,,,,,3.84,1.82,1.64,0.157,1.02,-0.544,0.0724,0.0957,0.384,0.221,0.00943,0.178,0.122,0.0459,0.521,0.174,0.249,0.182,0.147,0.192,1.66,0.885,2.63,1.57,3.94,1.82,0.684,0.722,0.91,1.3,1.33
"Congo, Dem. Rep.",0.132,0.103,0.17,0.225,0.542,0.0891,2.47,0.147,0.635,0.955,0.762,0.555,-0.0174,-1.75,-0.413,0.962,0.0686,-0.719,-0.0445,-0.0677,-0.155,0.129,-0.00887,0.0642,-0.0258,-0.396,0.43,-0.728,0.987,0.237,0.493,1.37,2.15,4.38,3.97,1.5,1.77,10.8,8.73,-1.3,12.7,6.18,9.87,5.2,4.18,3.34,2.35,2.83
"Congo, Rep.",,,,,,,,,0.461,1.37,2.35,1.55,1.64,2.67,1.59,0.587,1.21,1.89,0.411,-0.298,0.806,1.2,0.0934,14.9,0.169,5.91,2.86,3.41,1.68,22.9,-3.04,-4.84,6.59,6.28,1.9,13.2,19.2,16.9,16.4,12.3,12.7,2.07,-0.506,13.3,20.4,50,0.646,13.3
Costa Rica,,,,,,,,2.03,1.38,1.08,1.09,2.65,1.11,1.53,1.22,1.46,1.11,1.37,2.02,1.48,2.19,2.49,2.65,2.59,2.85,2.93,3.67,3.25,4.5,4.36,4.84,3.91,4.38,4.5,5.85,7.66,7.97,8.38,7.96,5.28,5.12,6.47,5.8,6.44,6.41,5.4,4.6,5.01
Cote d'Ivoire,,,,,,1.77,0.961,0.234,1.05,0.818,0.93,0.388,0.627,0.549,0.318,0.418,0.772,0.868,0.504,0.19,0.446,0.155,-2.07,0.796,0.938,1.92,2.22,3.54,3.01,2.62,2.19,2.44,1.72,1.08,1.71,2.04,1.97,2.18,1.93,1.63,1.44,1.19,1.22,1.3,1.24,1.49,1.59,1.67
Croatia,,,,,,,,,,,,,,,,,,,,,,,,,,0.483,2.08,2.27,3.7,6.21,4.85,4.23,3.55,5.27,3.11,3.95,6.54,7.6,7.36,5.1,2.38,2.27,2.59,1.61,6.87,0.322,3.63,3.72
Cyprus,,,,,,3.69,5.62,5.63,5.92,5.47,3.94,3.75,3.31,3.16,2.31,2.38,1.5,1.4,1.45,1.53,2.26,1.42,1.55,1.27,1.01,2.47,2.36,5.7,3.34,7.66,8.39,8.94,9.5,6.23,6.42,6.21,9.18,9.53,8.4,10.9,53.2,-43.5,198,-25,-3.23,41.2,12.9,48.6
Czech Republic,,,,,,,,,,,,,,,,,,,,,,,,1.61,1.85,4.3,2.14,2.08,5.56,9.73,8.09,8.35,10.4,2.03,5.39,10.1,4.59,7.3,3.74,2.56,4.9,1.84,4.55,3.51,3.89,0.91,5.56,4.27
Denmark,0.609,0.655,0.706,0.69,0.703,0.66,-0.427,0.152,0.148,0.318,0.146,0.161,0.222,0.0992,-0.026,0.177,0.185,0.0774,0.436,0.969,0.819,1.12,0.665,1.2,3.21,2.24,0.412,1.61,3.77,9.47,21.9,5.64,2.48,0.543,-3.5,4.86,0.843,3.7,0.62,1.17,-3.65,3.94,-5,0.198,1.86,0.614,2.78,-0.698
Djibouti,,,,,,,,,,,,,,,,,,,,,,0.495,0.479,0.305,0.29,0.647,0.661,0.617,0.617,0.599,0.596,0.593,0.581,2.29,5.79,3.13,14.1,23,22.8,9.23,3.23,6.38,8.13,21.6,10.5,7.59,9.07,8.94
Dominica,,,,,,,,0.22,,,,7.25,0.278,0.25,2.56,3.04,4.63,10.7,8.3,11.2,7.75,8.44,10.6,6.59,10.5,24.1,7.53,8.59,2.52,6.71,5.24,4.99,5.96,8.99,6.98,5.19,6.64,9.61,12.3,8.67,4.93,2.83,4.76,3.57,2.34,2.04,5.44,3.36
Dominican Republic,4.82,3.9,2.19,1.47,1.83,1.78,1.52,1.56,1.33,0.311,1.4,1.1,-0.0176,0.559,0.663,0.718,0.817,1.53,1.97,1.65,1.88,1.49,1.58,1.45,1.41,2.5,0.529,2.1,3.23,6.04,4.07,4.25,3.38,2.85,4.12,3.1,4.01,5.1,5.65,3.5,3.37,3.8,5.63,2.55,3.61,3.24,3.48,4.74
Ecuador,,,,,,,-0.219,0.313,0.408,0.447,0.391,0.275,0.201,0.291,0.296,0.362,0.529,0.882,1.19,1.15,0.827,0.942,0.984,2.5,2.54,1.85,1.98,2.57,3.11,3.3,-0.128,2.2,2.74,2.69,2.29,1.19,0.58,0.38,1.71,0.494,0.238,0.812,0.645,0.764,0.759,1.33,0.766,0.594
Egypt,,,,,,,,0.716,2.14,6.7,2.39,3.22,1.15,1.74,2.38,3.39,3.39,2.34,3.4,3.15,1.7,0.684,1.1,1.06,2.42,0.994,0.94,1.14,1.27,1.17,1.24,0.522,0.736,0.286,1.59,5.99,9.34,8.87,5.83,3.55,2.92,-0.205,1,1.45,1.51,2.08,2.44,3.14
El Salvador,,,,,,,0.557,0.634,0.747,-0.288,0.165,-0.166,-0.0294,0.801,0.338,0.326,0.64,0.463,0.405,0.328,0.0394,0.479,0.263,0.246,0.0284,0.426,-0.05,0.578,10.1,1.91,1.47,2.27,3.71,1.07,2.65,3.48,1.51,9.11,5.02,2.09,-0.613,0.604,2.01,1.12,2.24,2.13,2.01,1.33
Equatorial Guinea,,,,,,,,,,,,-0.49,1.02,1.17,4.31,3.93,7.37,1.8,0.497,1.01,9.88,37.3,4.47,16.4,16.9,89.5,162,12.1,74.1,24.8,14.8,64.4,17.9,27.8,7.73,9.36,4.65,9.51,-4.02,10.9,16.8,9.26,4.4,2.66,0.772,1.77,0.479,2.44
Eritrea,,,,,,,,,,,,,,,,,,,,,,,,,,,5.29,5.99,19.9,12.1,3.95,1.61,3.12,2.87,2.17,0.13,1.27,0.547,2.83,4.9,4.3,1.5,,,,,,
Estonia,,,,,,,,,,,,,,,,,,,,,,,,,,4.61,3.17,5.25,10.3,5.33,7.32,9.49,4.62,10.6,9.01,22.3,13,15.4,7.74,9.49,13.3,4.83,7.76,4.37,6.79,-3.17,4.02,6
Ethiopia,,,,,,,,,,,,,,,,,,,,,,,0.00162,0.0396,0.248,0.184,0.257,3.36,3.33,0.909,1.63,4.24,3.25,5.39,5.38,2.14,3.57,1.13,0.401,0.683,0.963,1.96,0.643,2.82,3.34,4.07,5.46,4.45
Fiji,,,,,,,,,,0.997,3.02,2.93,3.08,2.84,1.98,1.9,0.623,1.37,2.85,0.741,6.87,0.372,6.76,5.58,3.7,3.53,0.114,0.744,6.46,-1.71,0.0351,2.49,1.66,1.74,9.19,6.15,14.8,11.1,9.61,5.6,11.3,10.7,9.47,6.32,7.76,7.06,6.03,5.94
Finland,0.158,0.199,0.251,0.0667,0.141,0.231,0.182,0.143,0.0931,0.0619,0.0521,0.19,0.00172,0.166,0.257,0.201,0.472,0.289,0.487,0.412,0.574,-0.182,0.352,0.967,1.45,0.778,0.847,1.68,8.98,3.44,10.8,2.49,5.79,3.49,3.44,5.32,2.14,8.61,6.84,-3.51,4.93,-2.2,1.92,-1.83,6.33,7.25,1.89,4.31
France,0.418,0.317,0.323,0.426,0.647,0.433,0.263,0.462,0.488,0.422,0.468,0.401,0.271,0.308,0.452,0.469,0.422,0.55,0.833,1.01,1.04,1.19,1.56,1.57,1.13,1.48,1.37,1.59,1.96,3.08,3.04,3.64,3.45,2.3,1.68,3.88,3.4,3.15,2.33,0.683,1.47,1.54,1.23,1.12,0.204,1.76,1.84,1.83
Gabon,,,,,,,,,2.37,1.82,0.737,1.41,3.64,3.3,0.228,0.452,3.24,2.74,3.46,-0.729,1.23,-1.01,2.27,-2.6,-2.38,-6.34,-8.59,-5.84,3.27,-3.36,5.49,-2,0.0219,1.53,4.05,3.4,2.6,5.71,4.9,5.5,3.63,4.81,-1.29,4.38,5.76,6.89,8.86,10.2
Gambia,,,,,,,,,1.17,5.64,0.116,1.04,0.125,-0.187,-0.959,-0.222,-1.07,0.669,0.439,5.2,4.45,1.33,0.886,1.47,1.3,0.983,1.26,1.45,,,5.56,5.16,7.41,3.75,9.59,8.6,12.5,9.78,7.33,4.38,3.9,4.02,4.53,7.6,2.76,-0.186,-0.159,8.62
Georgia,,,,,,,,,,,,,,,,,,,,,,,,,,,,6.91,7.34,2.94,4.3,3.41,4.72,8.39,9.61,7.07,15.1,18.5,12.5,6.11,7.74,8.08,5.95,6.37,11,11.9,11,12
Germany,,0.443,0.635,0.53,0.491,0.141,0.255,0.159,0.217,0.197,0.0362,0.0401,0.0983,0.225,0.0734,0.113,0.215,0.164,0.0763,0.503,0.17,0.255,-0.0997,0.0194,0.33,0.462,0.257,0.577,1.05,2.54,12.7,2.92,2.46,2.61,-0.725,2.09,2.91,1.48,0.824,1.66,2.52,2.59,1.85,1.8,0.508,1.6,1.67,2.12
Ghana,,,,,,2.52,-0.66,0.603,0.265,-0.0697,0.351,0.385,0.404,0.0592,0.0453,0.124,0.0751,0.0926,0.0962,0.286,0.251,0.303,0.351,2.1,4.28,1.65,1.73,1.19,2.24,3.16,3.33,1.68,0.956,1.79,1.57,1.35,3.12,5.59,9.52,9.13,7.86,8.21,7.86,6.75,8.6,8.55,8.14,6.88
Greece,0.381,0.288,0.326,0.277,0.264,0.0841,0.979,1.07,0.967,1.13,1.18,0.993,0.798,0.888,1.01,0.935,0.835,1.04,1.19,0.95,1.03,1.08,0.984,0.898,0.841,0.769,0.725,0.687,,0.398,-0.0063,0.00147,0.0222,0.697,0.893,0.278,1.98,0.615,1.62,0.837,0.178,0.379,0.677,1.23,1.14,0.649,1.59,2.01
Grenada,,,,,,,,-0.14,1.59,,,,1.51,1.9,1.92,2.45,2.39,6.85,6.34,3.92,4.63,5.08,7.28,6.54,5.94,5.84,4.62,8.54,10.9,8.62,7.19,11.3,10.1,15.1,10.9,10.1,12.9,20.6,16.3,13.3,7.84,5.48,3.94,8.86,6.62,8.65,8.64,7.09
Guatemala,,,,,,,,1.78,2.1,1.7,1.41,1.48,0.884,0.497,0.401,0.636,0.951,2.12,4.21,0.906,0.624,0.964,0.901,1.25,0.502,0.513,0.491,0.474,3.47,0.844,-4.09,-5.01,-4.89,0.0889,1.34,1.98,2.1,2.52,1.92,1.85,2.05,2.39,2.51,2.51,1.99,1.84,1.71,1.37
Guinea,,,,,,,,,,,,,,,,,0.437,0.629,0.658,0.507,0.67,1.29,0.599,0.0829,0.00621,0.0208,0.614,0.457,0.496,1.83,0.332,0.0592,,2.29,,3.57,2.86,6.61,5.45,1.4,1.45,14.7,8.07,0.0023,-0.842,0.601,17.4,5.5
Guinea-Bissau,,,,,,-0.119,,0.0348,,0.194,,,,,1.65,1,0.63,0.069,0.413,0.221,0.828,0.813,2.58,1.39,0.182,0.0158,0.381,4.27,2.13,0.326,0.19,0.101,0.856,0.841,0.361,1.48,3.02,2.7,0.767,2.28,3.08,2.28,0.669,1.88,2.74,1.77,1.21,1.23
Guyana,,,,,,,,-0.392,0.793,0.111,0.0975,-0.312,0.92,0.967,1.03,0.399,-1.78,1.23,0.507,-0.542,1.99,3.66,39.8,15.7,19.7,12,8.36,6.94,6.13,6.62,9.42,8.04,6.03,3.52,3.82,9.31,7.02,8.76,9.26,7.96,8.71,9.58,9.71,6.71,7.73,4.35,0.913,5.77
Haiti,,,,,,,,,,,,,,,,,,,,,,-0.0518,-0.0975,-0.149,-0.129,0.263,0.141,0.12,0.289,0.722,0.335,0.122,0.164,0.466,0.167,0.603,3.38,1.27,0.455,0.842,2.69,1.58,1.98,1.92,1.13,1.21,1.32,4.46
Honduras,,,,,-0.111,0.623,0.389,0.533,0.682,1.25,0.226,-0.128,0.475,0.682,0.616,0.756,0.788,0.931,1.22,1.43,1.43,1.7,1.39,0.767,1.01,1.28,2.25,2.61,1.9,4.42,4.93,4.1,3.7,4.79,6.75,6.21,6.62,7.88,8.71,3.39,3.83,5.89,5.84,5.78,8.63,6.28,5.3,5.5
Hungary,,,,,,,,,,,,,,,,,,,,,,4.21,3.82,5.86,2.65,10.3,7.05,8.79,6.85,6.73,5.81,7.54,5.38,4.87,4.36,7.52,16.2,50.5,47.5,-2.27,-16,7.46,8.31,-2.79,9.2,-4,55.5,-8.91
Iceland,,,,,,,0.274,0.193,0.327,0.11,0.669,1.54,1.13,-0.859,0.485,0.803,0.216,0.0441,-0.246,-0.49,0.347,0.271,-0.187,0.00345,-0.0218,-0.133,1.14,1.96,1.77,0.733,1.74,2.01,0.998,2.96,5.5,18.5,22.7,32.2,6.82,0.491,1.93,7.51,7.17,3.04,4.43,6.76,-5.25,-29.4
India,,,,,,-0.0106,-0.0076,-0.0301,0.0134,0.0322,0.0431,0.0481,0.0364,0.00262,0.00919,0.0462,0.0479,0.0771,0.0312,0.0863,0.0747,0.0276,0.0972,0.2,0.301,0.603,0.626,0.872,0.634,0.479,0.776,1.07,1.03,0.614,0.776,0.899,2.18,2.1,3.66,2.69,1.65,2,1.31,1.52,1.7,2.09,1.95,1.54
Indonesia,,,,,,,,,,,,0.156,0.25,0.36,0.262,0.363,0.323,0.507,0.683,0.722,1.03,1.27,1.39,1.27,1.19,2.15,2.72,2.17,-0.252,-1.33,-2.76,-1.86,0.0741,-0.254,0.738,2.92,1.35,1.6,1.83,0.904,2.03,2.3,2.31,2.55,2.82,2.3,0.487,2.11
Iran,0.255,0.475,0.532,2.07,0.7,0.955,-0.149,0.429,1.17,0.182,0.0857,0.0281,-0.108,-0.0502,0.0263,-0.0212,-0.0538,-0.23,0.0492,-0.0161,-0.29,,,0.326,0.00278,0.0176,0.0216,0.0465,0.0218,0.0307,0.177,0.322,2.74,1.87,1.6,1.28,0.87,0.577,0.488,0.721,0.749,0.733,0.778,0.653,0.485,0.531,0.805,1.14
Iraq,-0.0277,-0.00466,-0.00219,-0.128,-0.0767,-0.334,0.0076,0.0221,0.00126,0.00426,0.00286,0.0107,0.00568,0.00362,-0.0101,0.00081,0.00414,0.0233,0.00038,0.00407,0.00023,,,,,,,,,,,,,,0.819,1.03,0.588,1.09,1.41,1.43,1.01,1.12,1.56,2.19,2.04,1.85,0.0854,-2.55
Ireland,,,,,0.648,1.67,1.82,1.21,2.56,1.84,1.32,0.983,1.13,0.816,0.603,0.769,-0.141,0.263,0.242,0.217,1.27,2.72,2.58,2.14,1.47,2.09,3.45,3.31,12.2,18.6,25.5,8.77,23,13.6,-5.67,22.2,9.51,22.2,8.46,22.8,17,9.9,18.2,20.9,33.6,81,26,-1.03
Israel,0.695,0.85,1.3,1.32,0.514,0.293,0.31,0.466,0.232,0.0512,0.211,0.447,0.0766,0.253,0.307,0.408,0.421,0.547,0.534,0.322,0.256,0.512,0.779,0.796,0.512,1.35,1.27,1.42,1.5,3.54,6.08,1.36,1.31,2.62,2.18,3.38,9.35,4.92,4.76,2.22,2.99,3.31,3.5,4.05,1.96,3.79,3.77,5.18
Italy,0.552,0.443,0.465,0.38,0.3,0.284,0.0485,0.439,0.152,0.106,0.121,0.263,0.145,0.269,0.303,0.238,-0.0269,0.52,0.765,0.234,0.545,0.193,0.236,0.353,0.201,0.414,0.271,0.299,0.208,0.556,1.15,1.28,1.36,1.25,1.12,1.99,2.93,3,-0.397,0.758,0.468,1.51,0.00168,0.917,0.791,0.726,1.06,1.03
Jamaica,,,,,,,-0.0202,-0.298,-1.01,-1.09,1.03,-0.386,-0.48,-0.517,0.514,-0.429,-0.167,1.62,-0.313,1.3,3,3.27,4.03,1.44,2.39,2.25,2.49,2.43,4.21,5.92,4.67,6.28,4.58,7.27,5.51,5.69,7.08,6.33,10.1,4.03,1.41,1.2,2.79,3.82,4.19,6.52,6.6,6.01
Japan,,,,,,,,0.00277,0.00099,0.0227,0.0253,0.0156,0.0388,0.033,-0.00076,0.0456,0.0109,0.0459,-0.0157,-0.034,0.0567,0.0359,0.0706,0.00266,0.0186,0.00072,0.0043,0.0725,0.081,0.27,0.219,0.114,0.281,0.197,0.156,0.115,-0.0529,0.479,0.489,0.234,0.131,-0.0138,0.00882,0.207,0.407,0.12,0.795,0.387
Jordan,,,0.071,0.226,0.57,1.88,-0.441,0.536,2.17,0.806,0.865,3.21,1.27,0.709,1.56,0.5,0.355,0.585,0.378,-0.032,0.905,-0.274,0.767,-0.598,0.0458,0.198,0.224,4.98,3.92,1.94,10.8,3.05,2.49,5.36,8.21,15.8,23.5,15.3,12.9,10.1,6.39,5.15,5.01,5.79,6.08,4.27,4.02,5.07
Kazakhstan,,,,,,,,,,,,,,,,,,,,,,,0.401,5.43,3.1,4.73,5.41,5.96,5.2,9.41,7.49,12.7,10.5,8.05,13,4.46,9.4,11.4,12.6,12.4,5.04,7.14,6.56,4.23,3.26,3.46,12.2,2.85
Kenya,0.861,0.416,0.299,0.69,0.788,0.526,1.33,1.26,0.649,1.35,1.09,0.206,0.202,0.397,0.174,0.47,0.452,0.494,0.00472,0.751,0.666,0.231,0.0775,2.53,0.104,0.467,0.902,0.473,0.188,0.403,0.873,0.0408,0.21,0.548,0.286,0.113,0.196,2.28,0.266,0.314,0.445,3.46,2.74,2.03,1.34,0.968,0.555,0.896
Kiribati,,,,,,,,,,,,,,-2.38,,0.683,0.331,0.652,0.598,0.438,0.753,0.9,0.852,-1.64,0.787,0.688,0.809,0.758,0.673,0.654,1.07,-0.433,0.346,0.743,1.91,2.32,0.524,0.882,-0.911,3.83,-4.31,-0.197,-1.27,-0.0703,0.69,0.495,1.14,0.697
Kuwait,0.904,0.00026,0.00022,0.00555,0.00092,0.00208,-0.00388,0.00941,0.0049,0.00517,0.0029,0.00483,-0.00042,0.00019,-0.0278,0.0338,-0.0812,-0.0283,0.0789,0.015,0.0304,0.00727,0.178,0.0554,0.00004,0.0246,1.1,0.0652,0.228,0.24,0.0432,-0.32,0.00949,-0.14,0.04,0.289,0.119,0.0973,-0.00404,1.05,1.13,2.12,1.65,0.823,0.299,0.248,0.263,0.0941
Kyrgyz Republic,,,,,,,,,,,,,,,,,,,,,,,,0.493,2.27,5.79,2.58,4.74,6.64,3.56,-0.172,0.328,0.29,2.37,7.93,1.73,6.42,5.47,7.33,4.04,9.86,11.1,3.95,8.34,4.59,17.1,9.09,-1.42
Lao,,,,,,,,,,,,,,,,-0.0684,,,0.334,0.56,0.693,0.671,0.692,2.25,3.84,5.39,8.53,4.94,3.54,3.55,1.96,1.35,0.253,0.963,0.715,1.01,5.42,7.66,4.18,5.46,3.91,3.44,2.89,3.57,6.88,9.88,6.31,4.82
Latvia,,,,,,,,,,,,,,,,,,,,,,,,,,3.1,6.39,7.98,4.97,4.61,4.08,2.08,1.68,2.69,4.11,4.79,7.95,8.78,4.02,-0.124,1.83,5.32,3.84,3.27,3,3.11,0.883,3.76
Lebanon,,,,,,,,,,,,,,,,,,,,,,,,,,,,,,,5.76,8.24,6.98,14.2,9.06,12.3,12.3,13.7,14.8,13.5,11.1,7.83,7.09,5.78,5.98,4.37,5.18,4.94
Lesotho,,,,,,,,0.228,0.0075,0.0689,1.04,1.1,0.871,1.24,0.694,,0.646,1.41,4.47,2.7,2.86,1.06,0.321,1.79,2.13,27.5,30.4,26.9,28.5,17.9,3.65,3.6,3.66,3.8,3.68,1.63,1.35,4.15,0.589,4.9,0.398,2.19,2.12,2,3.61,4.52,3.43,1.64
Liberia,17.7,-9.94,5.61,19.3,11.9,31.2,13.9,25.3,20.2,5.06,8.41,34,4.03,5.96,4.27,-1.9,-1.96,3.96,27.9,83.4,58.6,2.42,-4.85,-33.4,13.1,3.41,-82.9,72.3,52.9,58,3.93,1.59,0.516,89.5,15.9,15.1,17.9,17.8,33.4,11.1,160,135,133,103,24.9,11.4,14.8,11.5
Libya,,,,,,,,,,,,,,,,,,,,,0.55,0.287,0.292,0.19,-0.254,-0.346,-0.401,-0.221,-0.469,-0.356,0.368,-0.39,0.708,0.544,1.08,2.19,3.76,6.95,4.72,2.18,2.39,,1.74,1.07,0.122,2.48,1.53,
Lithuania,,,,,,,,,,,,,,,,,,,,,,,,,,0.922,1.82,3.5,8.23,4.43,3.3,3.61,4.63,1.16,3.51,3.24,6.84,5.77,3.99,0.048,2.33,3.54,1.34,1.53,1.04,2.34,2.25,2.25
Luxembourg,,,,,,,,,,,,,,,,,,,,,,,,,,,,,,,,,18,14.5,14.9,12.4,76,-58.3,12.7,53.1,73.5,14.7,252,31.8,34.3,19.6,77,10.6
"Macedonia, FYR",,,,,,,,,,,,,,,,,,,,,,,,,0.71,0.213,0.254,0.421,4.21,2.41,5.77,12.7,2.84,2.41,5.44,2.32,6.23,8.8,6.17,2.76,3.2,4.84,3.47,3.72,0.536,2.95,5.11,3.8
Madagascar,0.899,0.09,0.894,0.665,0.715,0.2,0.0633,-0.117,-0.138,-0.19,-0.0195,-0.0222,-0.00255,0.106,0.292,-0.0063,0.431,0.135,0.119,0.513,0.727,0.516,0.699,0.456,0.192,0.307,0.254,0.395,0.445,1.57,2.14,2.05,0.333,0.235,1.21,1,5.14,10.2,11.6,14.8,9.95,7.82,7.85,5.19,4.86,2.53,4.51,3.12
Malawi,2.96,2.63,2.49,1.73,4.14,3.61,1.45,0.687,0.962,-0.116,0.766,0.0902,0.508,0.209,2.26,0.0463,-0.248,0.00765,1.26,0.584,1.24,-1.3,-0.395,0.386,2.11,0.404,0.693,0.558,0.691,3.3,1.49,1.12,0.169,2.05,3.1,3.82,0.89,2.81,3.67,0.794,1.39,10.2,-0.147,8.18,9.88,8.1,5.99,4.4
Malaysia,2.43,2.36,2.26,2.24,6.01,3.77,3.45,3.09,3.06,2.7,3.81,5.06,5.21,4.15,2.35,2.23,1.76,1.31,2.04,4.29,5.3,8.14,8.76,7.48,5.83,4.71,5.04,5.14,3,4.92,4.04,0.597,3.17,2.92,3.51,2.73,4.73,4.69,3.28,0.0567,4.27,5.07,2.83,3.49,3.14,3.33,4.54,3.02
Maldives,,,,,,,,,,,-0.306,-0.067,-6.01,0.415,-0.128,0.952,3.81,3.61,0.712,2.32,2.6,2.66,2.32,2.14,2.46,1.81,2.07,2.24,2.13,2.09,3.57,2.36,2.76,3.02,4.31,4.55,4.05,7.09,7.98,6.74,8.36,15.3,7.9,11,9.02,7.44,10.8,11.3
Mali,,-0.14,0.699,0.106,-0.0278,0.315,0.274,0.291,-0.0725,0.192,0.134,0.239,0.114,0.243,0.817,0.208,-0.452,-0.286,0.325,0.292,0.214,0.0442,-0.773,0.144,0.837,4.12,1.61,2.34,0.304,0.0633,2.04,6.03,-0.317,1.54,1.56,2.57,2.15,2.53,2.73,6.35,3.48,4.29,3.2,2.32,1,2.1,2.54,1.74
Malta,,4.36,1.51,1.49,2.83,3.34,2.67,2.95,2.71,1.62,2.13,3.14,1.69,2.1,2.38,1.7,1.52,1.11,2.02,2.44,1.8,2.8,1.31,2.08,5.06,3.76,8.21,2.22,7.22,20.8,17.3,9.62,-10.6,16.7,123,341,370,452,165,16.9,106,82.1,36.1,5.03,1.37,27.9,22,27.6
Marshall Islands,,,,,,,,,,,,,,,,,,,,,0.00001,0.00001,0.00001,0.00001,0.00001,0.00001,0.00001,0.00001,0.00001,0.00001,113,218,-56.5,108,2.63,2.38,1.3,4.63,3.73,9.6,-5.67,-2.53,11.5,17.1,4.94,-3,-1.57,0.0998
Mauritania,0.382,1.78,0.796,2.95,0.873,-25.8,0.296,0.763,0.525,9.82,3.82,1.66,2,0.174,1.17,1.02,0.559,0.184,0.201,0.353,0.661,0.157,0.516,1.29,0.158,0.494,-0.0302,-0.238,0.00965,1.08,3.1,5.92,5.08,6.52,22,37.2,5.08,4.15,8.62,-0.0837,3.01,11.4,26.5,19.7,9.32,10.4,5.72,11.7
Mauritius,,,,,,,0.445,0.274,0.43,0.143,0.103,0.0585,0.161,0.148,0.472,0.737,0.505,0.909,1.11,1.63,1.55,0.608,0.456,0.451,0.562,0.463,0.829,1.32,0.292,1.15,5.8,-0.61,0.673,1.12,0.218,0.665,1.52,4.18,3.78,2.81,4.3,3.76,5.05,2.42,3.27,1.78,2.86,2.19
Mexico,0.879,0.783,0.395,0.827,0.707,0.521,0.822,0.4,0.642,0.99,1.08,1.23,1.09,1.47,0.878,1.08,1.57,0.844,1.1,1.25,0.97,1.51,1.21,0.877,2.08,2.65,2.24,2.56,2.42,2.31,2.6,3.97,3.12,2.5,3.19,2.97,2.12,3.14,2.9,2.16,1.98,2.06,1.47,3.73,2.36,3.14,3.29,2.79
"Micronesia, Fed. Sts.",,,,,,,,,,,,,,,,,,,,,,,,,,,-32.3,,-0.1,-0.403,,-0.0958,,,,0.016,0.233,6.51,-2.02,0.214,0.27,0.258,0.307,0.253,6.36,0.254,,
Moldova,,,,,,,,,,,,,,,,,,,,,,,,,,1.48,1.4,4.08,4.61,3.24,9.9,6.99,5.06,3.72,5.81,6.38,7.59,12.2,12,4.75,4.92,4.96,3.44,3.03,4.28,3.32,1.34,2.56
Mongolia,,,,,,,,,,,,,,,,,0.00483,,,,,0.467,0.152,1,0.745,0.675,1.18,2.12,1.68,2.87,4.72,3.39,5.57,8.24,4.66,7.43,7.19,8.8,15,13.6,23.5,43.9,34.8,16.4,2.76,0.803,-37.2,13
Montenegro,,,,,,,,,,,,,,,,,,,,,,,,,,,,,,,,,5.6,2.89,3.15,22.2,22.9,25.5,21.5,37.2,18.3,12.3,15.1,10,10.8,17.3,5.18,11.7
Morocco,0.506,0.53,0.256,0.088,-0.266,0.0559,0.397,0.0723,0.0888,0.0467,0.412,0.329,0.45,0.284,0.317,0.133,0.00282,0.274,0.329,0.635,0.547,0.983,1.25,1.55,1.55,0.237,0.177,0.00912,0.0284,0.00637,0.568,0.365,0.187,4.44,1.32,2.6,3.45,3.55,2.67,2.12,1.33,2.49,2.89,3.15,3.21,3.23,2.24,2.42
Mozambique,,,,,,,,,,,0.124,0.0105,0.0534,0.0763,-0.0865,0.00741,0.0286,0.263,0.215,0.147,0.366,0.689,1.1,1.34,1.42,1.78,2.06,1.52,4.36,7.2,2.77,5.36,6.91,6.02,3.58,1.58,3.02,4.45,5.58,8.52,12.4,27.9,38.8,41.8,29.5,26.1,28.4,18.8
Myanmar,,,,,,,,,,,,,,,,,,,,,,,,,,,,,,,2.86,3.22,2.22,2.38,2,1.96,1.9,3.52,2.71,2.92,1.82,4.2,2.23,3.74,3.32,6.84,5.18,6.76
Namibia,,,,,,,,,,,,,,,,,0.495,-0.00736,-0.0602,-0.0188,1.05,4,3.43,1.72,2.69,3.88,3.26,2.22,2.51,0.0417,5.02,10.7,4.39,1.32,3.38,5.41,7.64,7.66,8.83,9.42,2.55,6.54,8.41,6.2,3.49,9.93,3.18,4.46
Nauru,,,,,,,,,,,,,,,,,,,,,,,,,,,,,,,,,,,,,,13.4,3.72,3.14,,,,,,,,
Nepal,,,0.00293,-0.00103,0.0205,,-0.00275,,0.0256,0.0162,0.0154,-0.0101,-0.00125,-0.0245,0.0368,0.0248,0.041,0.047,0.0195,0.0119,0.164,0.0566,,,,,0.424,0.469,0.248,0.0864,-0.00882,0.347,-0.0984,0.233,-0.00574,0.0302,-0.0735,0.0556,0.00793,0.298,0.548,0.497,0.488,0.385,0.152,0.242,0.502,0.802
Netherlands,1.68,1.71,1.4,1.58,1.28,1.25,0.539,0.483,0.703,0.967,1.18,1.11,0.785,0.896,1.21,1.06,1.58,1.25,1.85,3.36,3.4,1.74,1.73,1.83,1.9,2.73,3.73,2.68,8.7,9.31,15.3,12.2,5.47,3.57,21.5,30.9,51.6,87.4,20.8,11.2,13.8,37.1,28.9,37.9,13.4,23.9,20.8,38.3
New Zealand,2.2,1.36,1.29,1.59,1.79,1.06,2.04,0.998,1.47,1.7,0.77,1.14,1.35,0.714,5.77,5.07,3.97,3.18,3.78,3.68,3.81,3.02,4.65,5.13,4.53,5.19,3.33,3.73,2.28,1.95,-2.87,0.481,4.28,-3.81,2.23,1.66,2.61,3.16,1.94,-0.0432,0.195,0.818,2.18,-0.0364,1.62,-0.00552,1.02,1.57
Nicaragua,,,,,,,,,,,,,,,,,,,,0.275,0.0664,2.82,0.837,2.21,1.21,2.15,2.79,4.63,4.71,6.95,5.22,2.82,3.9,3.78,4.31,3.81,4.24,5.14,7.38,5.23,5.59,9.58,7.29,7.43,7.44,7.53,6.82,6.49
Niger,0.419,-0.764,0.121,0.106,0.673,2.15,0.929,0.995,2.4,2.22,1.96,-0.282,1.4,0.0674,0.099,-0.651,0.924,0.664,0.303,0.035,1.65,0.651,2.4,-2.14,-0.72,0.382,0.497,0.985,-0.0493,0.0137,0.875,1.16,0.359,0.677,0.798,1.46,1.1,2.31,5.22,11.7,13.9,16.6,12.1,9.38,9.99,7.3,3.96,4.12
Nigeria,1.63,3.11,2.48,2.46,1.03,1.69,0.934,1.22,0.577,0.655,-1.15,0.888,0.838,1.03,0.664,1.68,0.932,2.53,1.63,7.78,1.91,2.6,3.06,8.52,10.8,3.78,4.55,4.3,3.28,2.8,2.46,2.7,3.17,2.96,2.13,4.44,3.34,3.63,3.94,5.05,1.63,2.15,1.53,1.08,0.818,0.652,1.1,0.931
Norway,0.499,0.645,0.697,0.927,1.27,0.668,1.03,1.85,1.05,0.755,0.0928,1.06,0.706,0.533,-0.291,-0.652,1.29,0.198,0.274,1.48,0.837,-0.326,-0.511,0.822,2.15,1.57,1.94,2.41,2.82,4.18,4.86,1.83,1.54,1.83,1.86,3.26,3.44,6.18,4.45,2.23,5.04,2.06,5.37,-0.0477,0.657,1.76,-5.02,0.154
Oman,1.18,-0.0897,0.466,0.308,-3.71,5.07,3.18,1.75,3.15,3.15,1.65,0.861,2.41,1.95,1.79,1.61,1.92,0.446,1.09,1.2,1.22,1.19,0.838,1.14,0.592,0.335,0.397,0.407,0.724,0.255,0.42,0.0267,0.542,0.115,0.448,4.95,4.29,7.92,4.85,3.07,2.12,2.4,1.78,2.04,1.59,-3.15,3.39,4.02
Pakistan,0.229,0.00943,0.183,-0.0632,0.0456,0.22,0.0616,0.101,0.181,0.296,0.269,0.385,0.208,0.103,0.178,0.422,0.331,0.388,0.485,0.524,0.613,0.569,0.692,0.677,0.811,1.19,1.46,1.15,0.814,0.845,0.416,0.523,1.14,0.641,1.14,2.01,3.11,3.67,3.2,1.39,1.14,0.621,0.383,0.577,0.764,0.599,0.893,0.923
Palau,,,,,,,,,,,,,,,,,,,,,,,,,,,,,,,2.19,-0.921,1.25,4.45,4.47,2.15,17.7,2.27,2.41,1.53,1.47,4.31,10.1,8.01,16.2,11.8,11.6,12.2
Palestine,,,,,,,,,,,,,,,,,,,,,,,,,,3.73,5.2,4.34,5.36,4.42,1.44,0.479,0.265,0.324,0.474,0.75,0.379,0.356,0.772,4.13,2.02,2.28,0.558,1.52,1.26,0.828,2.21,1.4
Panama,,,,,,,,0.398,-0.077,1.34,4.74,5.81,6.35,1.34,-2.19,1.03,0.299,-8.15,-10.1,0.87,2.11,1.53,1.8,1.93,4.29,2.33,4.21,12.2,10.4,6.23,6.73,4.85,1.9,7.67,8.51,6.74,16.2,10.4,9.5,4,8.66,12.7,8.36,8.33,9.98,9.31,10.4,9.81
Papua New Guinea,20.1,6.62,10,8.61,4.95,-0.164,1.38,1.21,2,1.93,2.97,3.45,3.63,5.42,4.53,3.44,3.43,2.96,4.2,5.74,4.83,3.08,2.38,1.25,1.03,9.81,2.16,0.579,2.89,8.53,2.74,2.05,0.609,3.1,0.761,0.654,0.142,0.991,-0.262,3.6,0.202,-1.72,-0.3,0.0857,-0.132,0.986,-0.2,-0.951
Paraguay,0.866,1.17,0.499,1.03,1.97,1.8,1.43,1.13,1.05,1.6,0.774,0.611,0.722,0.0936,0.128,0.0236,0.0174,0.14,0.206,0.278,1.35,1.23,1.64,1.03,1.74,1.14,1.53,2.37,3.79,1.13,1.32,1.29,1.43,-0.876,1.17,0.0836,1.76,0.761,1.83,0.169,2.77,1.85,2.96,1.08,1.78,1.94,1.5,1.48
Peru,-0.188,-0.0388,0.656,0.87,0.45,0.481,0.451,0.37,0.2,0.445,0.148,0.577,0.22,0.219,-0.506,0.00604,0.144,0.155,0.168,0.262,0.155,-0.0202,-0.219,2.16,7.33,4.8,6.28,3.68,2.96,3.87,1.56,2.2,3.94,2.27,2.39,3.39,3.91,5.37,5.74,5.32,5.73,4.27,6.12,4.87,2.21,4.36,3.58,3.2
Philippines,-0.0155,0.291,0.0511,0.588,0.949,0.765,0.898,1.07,0.445,0.0255,-0.327,0.483,0.0431,0.316,0.0286,0.039,0.425,0.925,2.47,1.32,1.2,1.2,0.43,2.28,2.48,1.99,1.83,1.48,3.17,1.5,1.84,0.997,2.17,0.586,0.648,1.61,2.22,1.95,0.769,1.23,0.536,0.895,1.29,1.37,2.02,1.93,2.72,3.21
Poland,,,,,,,,,,,,,,,,,,,,,0.135,0.34,0.719,1.79,1.69,2.57,2.81,3.08,3.65,4.28,5.43,2.98,2.06,2.47,5.44,3.61,6.23,5.83,2.73,3.19,3.84,3.5,1.47,0.152,3.63,3.16,3.55,1.42
Portugal,0.356,0.609,0.649,0.629,0.605,0.596,0.31,0.27,0.281,0.294,0.477,0.546,0.472,0.539,0.786,1.01,0.615,0.967,1.64,2.87,3.32,2.74,1.74,1.61,1.27,0.579,1.1,2.01,2.42,0.916,6.16,5.03,0.444,6.27,1.32,2.24,6.33,2.51,2.99,2.29,3.55,4.01,10.2,4.78,5.74,1.26,4.59,4.61
Qatar,1.89,7.05,0.00196,0.166,0.54,0.363,0.00609,0.0558,0.22,0.0811,0.138,0.0436,0.0488,0.0147,-0.223,0.13,-0.0291,-0.0545,-0.342,-0.0231,0.0663,0.618,0.518,1.01,1.79,1.15,3.74,3.7,3.39,0.914,1.42,1.68,3.22,2.66,3.78,5.61,5.75,5.9,3.28,8.31,3.73,0.559,0.212,-0.423,0.504,0.65,0.508,0.588
Romania,,,,,,,,,,,,,,,,,,,,,0.00003,0.138,0.307,0.357,1.13,1.11,0.707,3.39,4.84,2.88,2.77,2.84,2.48,3.08,8.45,6.52,8.91,5.74,6.4,2.69,1.93,1.29,1.78,2.01,1.94,2.43,3.33,2.34
Russia,,,,,,,,,,,,,,,,,,,,,,,0.252,0.278,0.175,0.522,0.658,1.2,1.02,1.69,1.03,0.929,1.01,1.84,2.61,2.03,3.8,4.3,4.5,2.99,2.83,2.68,2.29,3.01,1.07,0.501,2.53,1.82
Rwanda,0.0273,0.762,0.203,0.688,0.713,0.525,0.879,0.642,0.537,1.21,1.41,1.36,1.47,0.738,0.949,0.852,0.905,0.815,0.879,0.645,0.297,0.239,0.108,0.297,0.00013,0.171,0.16,0.14,0.356,0.0949,0.479,0.277,0.156,0.255,0.369,0.407,0.972,2.15,2.13,2.21,4.34,1.81,3.48,3.38,3.93,2.7,3.14,3.21
Samoa,,,,,,,,,,,,,0.132,-0.0894,0.00916,0.45,-0.198,0.492,0.0902,0.127,5.25,2.54,3.78,3.76,1.36,1.53,0.464,7,1.11,0.773,-0.449,0.518,0.555,0.804,0.59,0.814,4.31,1.24,7.13,1.76,-0.206,1.21,1.73,1.71,2.84,3.34,0.321,1.05
Sao Tome and Principe,,,,,,,,,,,,,,,,,,,,,,,,,,,,,,,,4.19,4.51,3.56,3.35,12.5,28.5,24.9,42.1,8.25,25.6,13.8,8.9,4.01,7.59,8.85,6.59,8.75
Saudi Arabia,0.137,-1.55,0.35,-4.19,-8.22,3.99,-0.62,1.06,0.693,-1.14,-1.94,3.53,7.26,3.83,4.05,0.473,1.11,-1.37,-0.372,-0.685,1.58,0.121,-0.0576,1.03,0.258,-1.31,-0.711,1.83,2.92,-0.482,-0.993,0.0107,-0.324,-0.272,-0.129,3.69,4.86,5.85,7.59,8.5,5.53,2.43,1.66,1.19,1.06,1.24,1.16,0.208
Senegal,0.488,0.926,1.19,0.333,0.619,1.01,1.58,1.2,-0.193,0.277,0.413,1.08,0.902,-1.25,1.08,-0.534,-0.201,-0.0785,0.3,0.546,0.995,-0.134,0.356,-0.0143,1.72,0.649,0.172,3.77,1.4,2.98,1.74,0.923,1.54,1.26,1.71,1.93,3.09,3.11,3.38,2.58,2.1,2.35,1.94,2.1,2.63,3,3.21,3.25
Serbia,,,,,,,,,,,,,,,,,,,,,,,,,,0.269,,3.06,0.618,0.608,0.792,1.45,3.04,6.92,3.86,6.01,13.9,11,8.23,6.87,4.29,10.6,3.13,4.52,4.52,6.31,6.15,6.95
Seychelles,11.9,8.24,4.41,15.8,4.01,9.58,12.9,10.9,7.4,5.9,6.46,6.5,6.77,6.22,6.46,6.9,6.83,7.78,8.17,7.36,5.49,5.23,2.08,3.97,6.32,9.03,5.73,9.49,8.75,8.86,3.96,10.4,6.84,8.28,4.53,8.78,13.8,17,18.6,19.9,16.5,13.4,57.9,4.31,8.06,7.7,2.87,8.38
Sierra Leone,1.89,1.24,0.817,1.08,1.62,1.49,1.43,0.731,2.53,1.45,-1.7,0.673,0.361,0.171,0.539,-3.61,-28.6,5.62,-2.19,2.4,4.99,0.962,-0.823,-0.971,-0.315,0.837,0.0705,0.212,0.0156,0.0797,6.13,0.902,0.831,0.622,4.22,5.5,3.12,4.42,2.12,4.5,9.25,32.3,19,8.73,7.48,5.98,3.88,14.8
Singapore,4.84,5.13,5.92,9.55,6.52,5.18,3.65,4.4,3.99,8.99,10.4,11.7,9.96,6.38,6.6,5.47,9.21,13.6,14.4,9.49,15.4,10.7,4.23,7.73,11.6,13.1,10,13.7,8.53,19.2,16.2,19,6.7,17.6,21.4,14.2,25,26.5,6.35,12.4,23.3,17.8,19.3,21.2,22.3,23.2,24,19.6
Slovak Republic,,,,,,,,,,,,,,,,,,,,,,,,1.21,1.34,0.918,1.26,0.628,1.88,1.16,7.5,4.99,12,2.07,7.09,6.26,8.07,5.86,4.63,1.71,2.37,5.53,1.9,1.02,-0.359,1.74,3.95,6.18
Slovenia,,,,,,,,,,,,,,,,,,,,,,,,,,0.707,0.807,1.61,0.975,0.47,0.668,2.4,7.85,1.8,2.21,2.67,1.75,3.92,1.94,-0.689,0.665,1.71,0.0724,0.216,2.04,4.02,3.23,2.22
Solomon Islands,,-0.34,-0.0246,1.27,-0.0591,10.5,5.88,4.76,4.12,2.29,1.43,0.123,0.546,0.242,0.776,0.291,1.47,4.39,0.541,3.49,3.45,4.53,3.74,5.69,0.451,0.39,1.05,5.96,1.87,2.05,0.461,-2.15,0.0427,-0.303,-0.712,0.132,9.7,16.7,12.4,8.13,24.4,12.9,2.24,4.73,1.79,2.79,3.03,2.81
Somalia,,,,,,,,,,,,,,,,,,,,,,,,,,,,,,,,,,,,,,,,,,,,3.98,3.97,4.57,4.95,5.21
South Africa,1.81,1.28,0.536,0.0934,1.89,0.493,0.0503,-0.3,-0.234,-0.841,-0.0124,0.0725,0.399,0.0799,0.477,-0.654,-0.0615,-0.178,0.134,-0.156,-0.0655,0.205,0.0025,0.00841,0.268,0.803,0.553,2.5,0.399,1.1,0.71,5.98,1.28,0.447,0.306,2.53,0.229,2.2,3.44,2.57,0.984,0.993,1.17,2.24,1.65,0.479,0.749,0.393
South Korea,,,,,,,0.272,0.246,0.172,0.0526,0.00923,0.141,0.0887,0.0787,0.114,0.233,0.398,0.422,0.515,0.459,0.282,0.362,0.208,0.152,0.178,0.319,0.389,0.51,1.45,1.92,2.05,1.22,0.899,1.03,1.74,1.52,0.906,0.786,1.12,1,0.868,0.813,0.777,0.978,0.657,0.297,0.856,1.11
South Sudan,,,,,,,,,,,,,,,,,,,,,,,,,,,,,,,,,,,,,,,,,,,1.43,-5.31,0.00686,0.00138,-0.27,
Spain,0.543,0.434,0.454,0.497,0.369,0.596,0.404,0.46,0.736,0.653,0.643,0.844,0.912,0.952,1.03,1.09,1.38,1.44,1.87,2.04,2.61,2.17,2.11,1.85,1.74,1.32,1.5,1.52,2.31,2.93,6.8,4.62,5.59,3.39,2.35,2.31,2.61,4.99,4.87,0.899,2.87,2.14,1.86,3.84,2.53,2.86,2.6,0.328
Sri Lanka,-0.0131,0.0127,0.0118,0.0174,0.0392,0.00376,0.00003,-0.0297,0.0539,1.39,1.07,1.12,1.33,0.731,0.54,0.438,0.464,0.89,0.655,0.283,0.54,0.537,1.26,1.88,1.42,0.43,0.863,2.85,1.22,1.13,1.06,1.09,1.19,1.21,1.13,1.12,1.7,1.86,1.85,0.96,0.842,1.46,1.38,1.26,1.13,0.844,1.1,1.58
St. Kitts and Nevis,,,,,,,,,,,1.48,1.14,2.61,15.9,6.26,7.54,7.35,11.8,7.92,22,23.4,10.2,5.46,5.51,5.53,6.83,11,5.51,8.75,14.8,22.9,19.1,16.5,16.2,11.1,17.1,17.4,20,24.1,18.1,16.5,14.6,12.6,14.1,19.3,15,9.28,13.4
St. Lucia,,,,,,,,14.9,20.2,21,21.1,22.7,14.5,5.07,5.51,7.05,5.01,4.69,4.49,6.41,9.25,11.2,7.22,5.94,5.42,5.11,2.78,7.06,11.3,10.7,6.85,7.91,6.94,12.9,8.57,8.22,20.6,21.3,12.6,11.6,8.78,6.71,5.27,5.61,3.06,5.74,5.76,5.4
St. Vincent and the Grenadines,,,,,,,,,-0.822,0.844,1.34,0.49,1.32,1.72,1.04,1.24,4.58,2.83,4.54,4.93,3.19,3.49,5,11,16.2,9.7,12.9,26.6,23.8,14.5,9.52,4.89,7.37,11.4,12.6,7.28,17.9,18.3,22.9,16.3,14.3,12.7,16.7,17.6,16.1,7.2,11.9,11
Sudan,0.0681,,0.0212,0.00728,-0.0252,0.0232,0.0837,0.095,0.0781,-0.0295,0.119,0.193,0.182,0.0768,0.0936,-0.0245,-0.0518,0.0578,0.0131,0.0228,-0.251,-0.00545,0.00128,-0.0018,0.775,0.0868,0.00444,0.838,3.3,3.47,3.2,4.35,4.82,7.65,7.04,5.89,5.14,3.28,3.03,3.25,3.14,2.58,3.39,2.34,1.52,1.78,1.11,0.907
Suriname,-2.02,-2.51,1.05,4.65,2.02,0.249,0.21,-3.53,-1.84,-3.5,2.28,6.94,-1.21,9.22,-8.2,2.44,-6.78,-13.2,-14.7,-55.2,-19.8,4.13,-13.4,-10.9,-4.99,-2.97,2.22,-0.99,0.963,-6.95,-16.6,-3.51,-6.82,-5.99,-2.51,1.56,-6.22,-8.4,-6.55,-2.41,-5.67,3.29,3.4,3.63,-1.14,3.81,7.35,4.78
Swaziland,,,0.457,0.027,1.34,5.02,2.7,6.58,6.38,13.5,4.88,6.49,-2.54,-1.02,1.01,3.23,6.93,9.64,7.31,9.64,2.7,7.1,6.8,5.3,4.46,3.05,1.35,-0.892,9.68,6.35,5.22,1.9,6.49,-2.74,2.51,-1.44,3.68,1.08,3.21,1.84,3.06,2.05,0.549,1.79,0.589,0.783,0.722,-1.35
Sweden,0.288,0.205,0.135,0.143,0.118,0.0982,0.00552,0.0875,0.0677,0.0925,0.179,0.142,0.315,0.218,0.269,0.349,0.73,0.354,0.82,0.843,0.768,2.35,-0.00193,1.76,2.77,5.66,1.91,3.88,7.5,22.4,8.78,7.59,6.96,1.81,4.42,5.34,5.25,9.46,8.06,2.09,0.128,1.24,0.786,0.228,-1.5,1.75,1.58,6.05
Switzerland,,,,,,,,,,,,,,0.577,0.731,1.18,1.37,1.2,0.194,1.24,2.15,1.09,0.415,0.646,1.26,1.21,1.32,2.55,3.27,4.29,8.48,3.5,2.74,5.59,1.8,0.652,12.5,10.1,0.54,8.8,3.03,2.97,5.98,-3.62,2.96,17.1,9.04,5.58
Syria,-0.00467,,0.00033,-0.00139,0.00019,0.00205,0.00131,0.00117,,0.0004,-0.00031,0.00026,0.00058,-0.00011,0.00029,0.0914,0.15,0.194,0.255,0.304,0.325,0.416,0.43,0.796,2.48,0.877,0.645,0.552,0.539,1.66,1.4,0.521,0.533,0.733,1.1,1.73,1.98,3.07,,,,,,,,,,
Tajikistan,,,,,,,,,,,,,,,,,,,,,,,0.471,0.547,0.891,0.812,1.72,1.95,2.27,0.617,2.74,0.879,2.95,2.04,13.1,2.36,12,9.68,7.28,0.318,1.41,2.47,3.14,1.48,3.35,5.43,3.46,2.8
Tanzania,,,,,,,,,,,,,,,,,,,0.0737,0.132,0.00023,0.0002,0.264,0.48,1.11,2.28,2.31,2.05,1.84,5.33,4.55,5.29,3.66,2.73,3.45,5.53,2.17,2.7,5.05,3.33,5.77,3.63,4.6,4.7,3.47,3.52,2.88,2.27
Thailand,,,,,,0.575,0.466,0.536,0.232,0.202,0.587,0.834,0.522,0.873,0.959,0.42,0.609,0.696,1.79,2.46,2.86,2.05,1.9,1.4,0.932,1.22,1.28,2.59,6.43,4.82,2.66,4.21,2.49,3.44,3.39,4.34,4.02,3.28,2.94,2.28,4.32,0.667,3.24,3.79,1.22,2.22,0.744,1.75
Timor-Leste,,,,,,,,,,,,,,,,,,,,,,,,,,,,,,,,,0.184,0.832,,0.0501,0.319,0.302,0.904,1.5,0.759,0.863,0.605,0.989,0.838,1.38,0.217,0.227
Togo,,,,,-7.91,0.844,0.908,1.45,11.3,5.9,3.76,1.06,1.96,0.188,-1.38,2.13,0.576,0.572,0.94,0.678,1.12,0.404,-0.774,-0.963,1.57,2,1.18,1.4,1.9,2.7,4.07,5.45,3.9,2.73,4.12,4.54,4.15,2.47,1.6,1.46,3.94,19.4,3.14,4.5,1.2,6.31,-1.05,3.03
Tonga,,,,,,,,0.117,0.12,,,,,,0.0326,0.216,0.261,0.0603,0.0268,0.163,0.174,0.272,0.893,1.57,1.43,0.508,0.13,-0.00496,0.0242,0.487,4.55,4.21,2.57,0.09,2.41,2.29,3.74,5.86,6.16,0.0776,1.26,1.81,-0.178,1.39,2.98,2.88,2.2,3.23
Trinidad and Tobago,10.1,11.5,7.95,5.01,5.88,3.81,5.29,2.66,3.62,2.04,2.96,3.69,2.5,1.52,1.46,0.016,-0.303,0.691,1.4,3.44,2.16,3.19,3.27,8.12,10.4,5.61,6.17,17.4,12.1,9.45,8.33,9.46,11.2,7.15,7.52,5.88,4.81,3.84,10,3.7,2.48,0.161,-7.43,-4.25,2.43,0.725,-0.106,-1.91
Tunisia,,,,,,,2.43,1.83,1.53,0.685,2.68,3.51,4.18,2.21,1.37,1.28,0.712,0.946,0.6,0.772,0.621,0.96,3.39,3.85,2.76,1.47,1.22,1.63,2.98,1.52,3.5,2.05,3.41,1.97,1.9,2.21,9.42,3.89,5.8,3.51,3.03,0.944,3.45,2.29,2.15,2.25,1.48,2.01
Turkey,,,,,0.18,0.255,0.0195,0.046,0.0522,0.0839,0.0262,0.134,0.0852,0.0746,0.188,0.147,0.165,0.132,0.39,0.619,0.454,0.54,0.533,0.353,0.465,0.522,0.398,0.424,0.341,0.306,0.36,1.67,0.454,0.546,0.688,2,3.65,3.26,2.6,1.33,1.18,1.94,1.57,1.43,1.4,2.09,1.54,1.28
Turkmenistan,,,,,,,,,,,,,,,,,,,,,,,,2.48,4.02,9.39,4.54,4.4,2.39,5.1,4.51,4.81,6.19,3.78,5.17,5.16,7.11,6.76,6.63,22.5,16.1,11.6,8.9,7.3,8.8,8.5,6.2,5.46
Tuvalu,,,,,,,,,,,,,,,,,,,,,,,,,,,,,,,,-0.0706,-0.0633,-0.0602,-0.0543,-0.0523,-0.0462,-0.0409,5.57,6.46,1.43,-0.308,3.52,0.898,0.804,0.844,0.82,0.755
Uganda,0.333,-0.0846,-0.798,0.305,0.0809,0.089,0.0838,0.0272,0.0814,0.0935,0.321,,0.0928,,,-0.114,,,0.0722,-0.0334,-0.137,0.0301,0.105,1.7,2.21,2.11,2,2.79,3.19,2.34,2.59,2.59,2.99,3.19,3.72,4.21,6.48,6.45,5.12,4.63,2.69,4.43,5.21,4.46,3.88,2.72,2.6,2.7
Ukraine,,,,,,,,,,,,,,,,,,,,,,,0.27,0.305,0.303,0.554,1.17,1.24,1.77,1.57,1.9,2.08,1.63,2.84,2.64,9.06,5.2,7.14,5.94,4.07,4.74,4.42,4.65,2.46,0.634,3.35,3.69,2.52
United Arab Emirates,,,,,,0.108,0.257,0.451,0.165,0.207,0.224,-0.0343,0.204,0.106,0.407,-0.544,0.325,0.128,0.521,0.0935,-0.228,0.0503,0.239,0.721,0.105,0.608,0.408,0.295,0.34,-1.17,-0.485,1.15,0.0868,3.42,6.77,6.03,5.77,5.5,1.6,0.447,3.04,2.04,2.55,2.5,2.75,2.39,2.69,2.71
United Kingdom,1.14,1.2,0.711,1.41,2.12,1.37,1.29,1.68,1.13,1.47,1.79,1.09,1.05,1.06,-0.0753,1.12,1.42,2.14,2.48,3.41,3.06,1.44,1.4,1.56,0.94,1.63,1.94,2.42,4.56,5.36,9.96,3.46,5.08,1.77,3.63,10,7.56,6.81,8.77,0.611,2.73,1.03,1.76,1.99,1.95,1.57,10,2.47
United States,0.117,0.0745,0.105,0.148,0.215,0.152,0.173,0.139,0.248,0.331,0.591,0.784,0.373,0.288,0.613,0.46,0.772,1.2,1.1,1.21,0.811,0.375,0.303,0.747,0.631,0.754,1.07,1.23,1.97,3,3.4,1.61,0.997,1.02,1.74,1.09,2.15,2.39,2.32,1.12,1.76,1.7,1.55,1.73,1.45,2.81,2.65,1.83
Uruguay,0.0997,-0.0296,-0.0521,0.0351,-0.00196,0.64,0.0859,1.6,2.62,3,2.85,0.44,-0.149,0.11,0.0701,-0.167,0.629,0.68,0.57,0.447,0.447,0.289,0.0877,0.677,0.884,0.811,0.667,0.527,0.646,0.981,1.15,1.49,1.32,3.34,2.58,4.76,7.7,5.8,7.05,5.06,5.44,5.61,11.8,1.31,6.69,4.57,-0.729,-1.56
Uzbekistan,,,,,,,,,,,,,,,,,,,,,,,0.0695,0.366,0.566,-0.18,0.645,1.13,0.931,0.71,0.543,0.726,0.674,0.816,1.47,1.34,1,3.16,2.41,2.5,4.16,3.56,1.09,1.1,1.2,0.0994,0.199,0.197
Vanuatu,,,,,,,,,,4.1,4.09,7.21,7.06,5.33,5.49,3.74,1.7,9.85,7.28,6.35,8.28,13.5,13.5,13.8,13.6,13.3,13.4,11.8,7.77,5,7.45,6.98,5.39,5.73,5.44,3.36,9.89,6.49,6.2,5.27,9.01,7.72,7.73,7.41,1.63,4.2,2.74,2.86
Venezuela,-0.179,1.44,-2.36,-0.432,-1.48,1.34,-2.46,-0.0071,0.144,0.158,0.0821,0.244,0.336,0.11,0.0321,0.117,0.0272,0.0463,0.152,0.506,0.959,3.7,1.08,0.64,1.44,1.31,3.2,7.22,5.46,2.95,4.01,3.01,0.819,1.88,1.32,1.68,0.108,1.89,0.659,-0.345,0.403,1.85,1.31,0.578,0.235,,,
Vietnam,,,,,,,,,,,,,,,,-0.00057,0.00015,0.0283,0.0302,0.0647,2.78,3.9,4.8,7.03,11.9,8.59,9.71,8.27,6.14,4.92,4.16,3.98,3.99,3.67,3.54,3.39,3.62,8.65,9.66,7.17,6.9,5.48,5.37,5.2,4.94,6.11,6.14,6.3
Yemen,,,,,,,,,,,,,,,,,,,,,-2.32,4.76,11.1,16.8,0.379,-5.11,-1.04,-2.03,-3.47,-4.03,0.0664,1.57,1.07,-0.757,1.03,-1.8,5.87,4.24,5.78,0.514,0.61,-1.58,-0.0402,-0.331,-0.539,-0.0446,-3.08,
Zambia,0.522,0.499,1.52,1.41,1.22,1.45,1.13,1.73,1.37,1.06,1.61,-0.992,0.976,0.799,0.628,2.26,1.7,3.28,2.51,4.09,6.17,1.02,1.41,9.61,1.09,2.55,3.26,4.82,5.6,4.76,3.38,3.54,7.11,7.08,5.85,4.28,4.83,9.42,5.24,4.53,8.53,4.73,6.79,7.49,5.55,7.48,3.16,3.36
Zimbabwe,0.991,1,0.877,0.921,0.837,0.66,0.674,-0.0874,0.0579,0.00284,0.0232,0.0443,-0.00985,-0.0267,-0.0392,0.0505,0.12,-0.453,-0.231,-0.123,-0.139,0.0323,0.221,0.426,0.503,1.66,0.946,1.58,6.94,0.86,0.347,0.0561,0.408,0.0664,0.15,1.79,0.735,1.3,1.17,1.22,1.21,2.85,2.46,2.41,2.98,2.45,2.06,1.62
