country,1960,1961,1962,1963,1964,1965,1966,1967,1968,1969,1970,1971,1972,1973,1974,1975,1976,1977,1978,1979,1980,1981,1982,1983,1984,1985,1986,1987,1988,1989,1990,1991,1992,1993,1994,1995,1996,1997,1998,1999,2000,2001,2002,2003,2004,2005,2006,2007,2008,2009,2010,2011,2012,2013,2014,2015,2016,2017
Afghanistan,,,,,,,,,,,,,,,,,,,,,,,,,,,,,,,,,,,,,,,,,,,364,376,365,390,400,442,447,527,555,576,640,643,636,626,625,
Albania,,,,,,,,,,,,,,,,,,,,,,,,,,,,,,,,,,,,,1970,1770,1950,2220,2390,2610,2710,2890,3060,3240,3460,3690,3790,3870,4050,4210,4240,4390,4440,4570,4740,4900
Algeria,2850,2470,1770,2180,2200,2230,2040,2200,2390,2550,2640,2310,2870,2890,3020,3070,3210,3280,3470,3560,3490,3480,3590,3690,3770,3790,3730,3610,3430,3490,3430,3250,3250,3150,3040,3060,3110,3130,3260,3300,3330,3480,3590,3810,3890,3990,4040,4270,4350,4340,4450,4440,4450,4470,4550,4610,4780,
Angola,,,,,,,,,,,,,,,,,,,,,,,,,,,,,,,,,,,,,,,,,1440,1570,1810,1830,1910,2060,2290,2860,2790,3390,3190,3150,3170,3410,3570,3670,3500,3400
Antigua and Barbuda,,,,,,,,,,,,,,,,,,,,,,,,,,,,,,,,,,,,,,,,,,,,,,,,,,,11800,,,,,,,
Argentina,5750,5980,5820,5430,5900,6420,6370,6260,6350,6920,6810,7420,7230,7440,7720,7670,7300,7630,7190,7790,7990,7320,6590,6760,6840,6210,6660,6750,6490,5670,5690,6410,7160,7530,7850,7510,7810,8330,8530,8140,7980,7530,6320,6890,7470,8210,8820,9580,9880,9140,9930,10500,10300,10500,10100,10100,9800,10100
Armenia,,,,,,,,,,,,,,,,,,,,,,,,,,,,,,,1690,1600,756,808,955,1040,1150,1240,1310,1360,1440,1600,1830,2090,2310,2680,3080,3560,3850,3260,3380,3490,3750,3930,4000,4090,4010,4390
Australia,19400,19500,19300,20000,21100,22000,21900,22900,23600,24600,25900,26100,26700,27100,27500,27600,28000,28500,28300,29100,29700,30400,30400,29700,30600,31700,32300,32600,33900,34300,34700,34000,33800,35200,36400,36900,37800,38900,40400,42000,43200,43500,44700,45400,46600,47100,47600,48700,49700,49900,49900,50300,51900,52700,53100,53900,54600,54500
Austria,,,,,,,,,,,19500,20400,21500,22500,23400,23300,24400,25600,25600,27000,27600,27500,28000,28900,29000,29700,30200,30600,31700,32900,34200,34800,35100,35000,35600,36400,37300,37900,39200,40100,41600,41800,42600,42900,43900,44500,46100,47500,48500,46100,47300,48200,48200,48000,48000,47600,48100,
Azerbaijan,,,,,,,,,,,,,,,,,,,,,,,,,,,,,,,,,,1770,1400,1220,1210,1280,1400,1480,1550,1690,1850,2040,2170,2500,3220,3780,4460,5180,5490,5290,5440,,,,,
Bahamas,,,,,,,,,,,,,,,,,,,,,,,,,,,,,,29500,28200,26500,25700,24900,25300,30000,33100,20800,22000,22800,23200,23800,23400,22800,23000,22800,23200,22800,22500,21300,21300,21200,27800,27300,26600,26600,25700,
Bahrain,,,,,,,,,,,,,,,,,,,,,,,,,,,,,,,,,,,,,,,,,,,,,,,21400,21600,20800,18800,18800,17900,18300,19000,18500,21300,,
Bangladesh,,,,,,,,,,,,,,,,,,,,,,374,372,381,388,386,393,398,397,398,409,414,427,439,448,461,469,481,495,509,526,542,557,573,596,626,667,710,752,783,819,860,910,949,983,1030,1090,1140
Barbados,,,,,,,,,,,,,,,,,,,,,,,,,,,,,,,,,,,,,,,,,,,,,,,,,,,15600,,,,,,,
Belarus,,,,,,,,,,,,,,,,,,,,,,,,,,,,,,,3120,3080,2780,2560,2260,2030,2100,2340,2540,2650,2810,2960,3140,3390,3810,4200,4620,5000,5500,5450,5910,6220,6310,6240,6390,6010,5830,6040
Belgium,,,,,,,,,,,20300,21100,22100,23400,24400,23800,25100,25200,25900,26400,27400,27400,27500,27500,28300,28800,29300,30100,31400,32300,33200,33900,34200,34100,35300,36000,36600,37900,38500,39800,41200,41100,41600,41800,42900,43500,44400,45600,46000,43600,45800,45000,45400,44900,44900,45100,,
Belize,,,,,,,,,,,,,,,,,,,,,,2210,2100,1990,1890,1900,2020,2140,2280,2520,2730,2960,3250,3390,3290,3250,3180,3200,3150,3280,3550,3570,3660,3840,3840,3870,3950,3800,3850,3940,3850,4020,4040,3990,4020,4200,4060,3930
Benin,519,528,502,518,543,562,572,567,575,577,576,554,580,591,600,553,545,558,551,572,592,633,628,579,597,630,626,600,603,562,596,604,587,612,601,617,625,645,657,673,691,706,714,716,726,721,726,746,766,760,752,757,767,800,828,825,838,859
Bhutan,,,,,,,,,,,,,,,,,,,,,,,,,,,,,,,,,,,,,,,,,1200,1260,1340,1390,1440,1510,1600,1820,1850,1910,2060,2170,2200,2240,2330,2400,2570,2740
Bolivia,,,,,,,,,,,,,,,,,,,,,,,,,,,,,1230,1260,1290,1340,1360,1380,1430,1460,1510,1550,1610,1580,1580,1580,1590,1580,1610,1660,1710,1760,1840,1860,1890,1950,1990,2090,2200,2320,2420,2460
Bosnia and Herzegovina,,,,,,,,,,,,,,,,,,,,,,,,,,,,,,,,,,,,,,,,,,,,,,,4280,4540,4840,4720,4690,4740,4750,4950,5030,5220,5390,5560
Botswana,,,,,,,,,,,,,,,,1290,1370,1480,1620,1750,1810,2040,2200,2300,2300,2370,2490,2600,3170,3400,3750,4090,4130,4260,3860,4210,4160,4510,4690,4710,4650,4770,4500,4820,4810,5050,5430,5850,6140,5810,6070,6550,6790,7220,7400,7180,7350,
Brazil,,,,,,,,,,,,,,,,,,,,,,,,,,,,,,,,,,,,,,,,,,,,,,,,,,,10900,,,,,,,
Brunei,,,,,,,,,,,,,,,,,,,,,,,,,,,,,,,37100,37200,37800,36900,37000,37700,37800,36400,35400,35700,35900,36200,36800,37200,36800,36300,37400,37200,36000,35000,35000,34900,34900,34200,33300,34200,33500,33300
Bulgaria,,,,,,,,,,,,,,,,,,,,,3180,3340,3410,3530,3650,3740,3890,4100,4520,4380,3810,3460,3550,3530,3600,3670,3690,3710,3900,3700,3870,4190,4620,4880,5210,5580,5850,6020,6630,6580,6700,6790,6970,7000,7240,7460,7950,8390
Burkina Faso,,,,,,256,254,272,276,277,274,272,274,270,287,286,306,298,310,315,312,316,338,330,317,336,353,343,353,351,341,362,353,354,349,360,392,403,421,439,431,447,455,476,483,511,529,541,563,562,560,572,602,618,613,616,645,666
Burundi,,,,,,,,,,,,,,,,,,,,,,,,,,,,,,,,,,,,,,230,239,232,232,225,227,217,218,216,222,225,229,228,230,232,235,240,243,227,218,
Cambodia,,,,,,,,,,,,,,,,,,,,,,,,,,,,,,,,,,,,337,344,352,357,389,419,440,456,490,530,587,641,702,733,720,750,788,828,867,916,960,1010,1060
Cameroon,,,,,,,,735,773,813,824,849,864,832,906,1000,920,883,1240,1320,1110,1360,1460,1530,1630,1720,1810,1720,1550,1460,1300,1190,1130,1020,1000,1010,1030,1050,1090,1110,1090,1100,1130,1180,1240,1230,1260,1270,1290,1300,1300,1310,1330,1360,1420,1450,1470,1480
Canada,,,,,,,,,,,24300,24900,25900,27200,27700,27600,28600,29200,29900,30700,30900,31400,30000,30700,32100,33300,33600,34600,35700,35800,35200,34100,33900,34500,35600,36300,36600,37800,38900,40500,42500,42800,43800,44200,45200,46200,47300,47800,47800,45800,46500,47500,47900,48600,49400,49600,49700,
Cape Verde,,,,,,,,,,,,,,,,,,,,,,,,,,,,,,,,,,,,,,,,,,,,,,,,3140,3290,3220,3170,3270,3260,3270,3200,3240,3310,3400
Central African Republic,,,,,,,,,,,,,,,,,,,,,,,,,,,,,,,,,,,,,,,,,,,,,,,,,431,436,449,460,478,302,304,316,326,336
Chad,,,,,,,,,,,,,,,,,,,,,,,,,,,,,,,,,,,,,,,,,,,,,,,,698,676,781,867,846,892,891,924,938,862,815
Chile,,,,,,,,,,,,,,,,,,,,,,,,,,,,,,,,,,,,,8270,8780,9100,8900,9210,9420,9550,9630,9970,10300,10400,10900,11700,11500,11900,12700,13500,14000,14200,14500,14400,14500
China,,,,,,,,,,,,,,,,,,,,,,,,,,,,,,,,,,,,1210,1320,1430,1520,1630,1750,1880,2050,2250,2470,2720,3060,3500,3830,4140,4540,4930,5320,5680,6120,6470,6870,7310
Colombia,2210,2250,2300,2300,2380,2360,2420,2420,2540,2610,2680,2790,2930,3070,3200,3160,3250,3330,3540,3660,3740,3710,3600,3550,3570,3570,3730,3830,3930,3940,4110,4150,4300,4360,4610,4770,4770,4850,4830,4560,4670,4670,4710,4790,4970,5130,5410,5700,5810,5870,6010,6280,6510,6780,7050,7310,7470,7410
Comoros,,,,,,,,,,,,,,,,,,,,,,,,,,,,,,,,,,,,,,,,,808,808,802,798,793,798,800,793,772,769,768,769,772,783,781,,,
"Congo, Dem. Rep.",,,,,,,,,,,,,,,,,,,,,,,,,,,,,,,,,,420,368,351,366,335,324,292,285,263,268,276,285,289,297,304,304,310,320,327,336,338,359,378,399,401
"Congo, Rep.",1880,1970,2030,1900,1920,1930,1910,1910,1990,2070,2120,2230,2360,2420,2550,2650,2580,2280,2340,2450,2730,3240,3810,3830,4100,3950,3880,3780,3320,3250,3010,3050,3180,2860,2770,2020,2030,2260,2610,2040,1800,2020,2050,2000,1830,1510,1360,1590,1840,2070,2060,2020,2410,2590,3010,3870,3460,2970
Costa Rica,,,,,,,,,,,,,,,,,,,,,,,,,,,,,,,,,,,,,,,,,,,,,,,,7650,7950,7660,7930,8170,8480,8520,8700,8890,9140,9240
Cote d'Ivoire,,,,,,,,,,,,,,,,,,,,,,,,,,,,,,,,,,,,,,,,,,,,,,,,,1170,1180,1180,1100,1190,1250,1350,1430,1510,1580
Croatia,,,,,,,,,,,,,,,,,,,,,,,,,,,,,,,,,,,,8470,9300,9770,10000,9700,10400,10700,11300,11700,12400,12900,13400,14200,14400,13300,13200,13600,13300,13300,13400,14000,14200,14900
Cuba,,,,,,,,,,,2200,2350,2420,2460,2450,2650,2760,2970,3140,3160,2990,3560,3860,4050,4350,4380,4360,4210,4330,4320,4130,3670,3240,2740,2740,2780,2990,3060,3060,3230,3400,3520,3550,3680,3880,4320,4850,5170,5390,5410,5550,5740,5900,6060,,,,
Cyprus,,,,,,,,,,,,,,,,7680,9300,11000,11800,12800,13400,13400,14100,14600,15700,16300,16600,17800,19200,20400,21500,21100,22400,22100,22800,23500,23400,23500,26600,25300,25900,26600,27600,28200,29000,29600,30200,31700,32000,30800,29900,30100,27900,25900,26100,27900,28000,28700
Czech Republic,,,,,,,,,,,,,,,,,,,,,,,,,,,,,,,,,12300,12300,12700,13300,13800,13800,13700,13900,14500,14800,15000,15600,16100,17100,18000,18800,19100,18000,18300,18600,18700,18600,18900,19900,,
Denmark,,,,,,,,,,,30700,31300,32400,33600,32900,32300,34200,34700,35300,36300,36200,35700,36800,37800,39300,40800,42800,43000,42900,43000,43500,43900,44800,45000,47300,48600,49700,51000,52100,53600,54700,55400,55600,55900,57900,59300,61600,61500,61200,57800,59000,59800,59800,60600,61600,62000,62300,
Dominica,,,,,,,,,,,,,,,,,,,,,,,,,,,,,,,,,,,,,,,,,,,,,,,,,,,6780,,,,,,,
Dominican Republic,1310,1220,1380,1430,1480,1270,1380,1390,1350,1450,1690,1830,2010,2170,2230,2290,2380,2410,2440,2510,2550,2580,2590,2640,2620,2450,2530,2700,2670,2760,2570,2560,2770,2860,2900,2990,3170,3340,3490,3640,3790,3760,3870,3720,3640,3920,4250,4780,4940,4920,5250,5330,5410,5500,5830,6200,6510,6830
Ecuador,,,,,,2390,2320,2350,2330,2370,2460,2530,2580,2820,3060,3370,3500,3460,3550,3550,3590,3680,3570,3470,3430,3430,3460,3340,3430,3380,3430,3540,3580,3610,3700,3710,3690,3780,3810,3480,3410,3570,3690,3720,3940,4110,4230,4250,4510,4480,4590,4860,5060,5230,5340,5260,5100,5150
Egypt,,,,,,757,745,733,734,761,785,793,792,775,777,820,914,1000,1020,1040,1100,1110,1190,1250,1290,1300,1280,1420,1470,1490,1520,1520,1560,1570,1610,1660,1720,1790,1830,1910,1970,2000,1990,2010,2050,2110,2230,2350,2480,2520,2550,2530,2530,2520,2540,2620,2690,2730
El Salvador,,,,,,,,,,,,,,,,,,,,,,,,,,,,,,,2090,2120,2290,2430,2570,2700,2710,2800,2880,2910,2950,2990,3020,3050,3100,3210,3340,3450,3540,3370,3390,3430,3390,3420,3470,3590,3630,3260
Equatorial Guinea,,,,,,,,,,,,,,,,,,,,,590,456,468,527,497,515,476,491,479,452,519,522,695,718,693,716,1130,2950,3280,4140,4180,5760,4290,5700,4130,9760,12400,13900,13600,13700,10100,10400,11100,10800,10600,10900,9950,9110
Eritrea,,,,,,,,,,,,,,,,,,,,,,,,,,,,,,,,,378,432,526,547,578,619,624,611,572,601,596,559,548,550,532,529,467,476,478,510,,,,,,
Estonia,,,,,,,,,,,,,,,,,,,,,,,,,,,,,,,,,,,,,,,,,9770,10400,11100,11900,12700,14100,15500,16400,15800,13800,13900,15000,15900,16500,17000,17400,,
Ethiopia,,,,,,,,,,,,,,,,,,,,,,,,,,,,,,,,,,,,,,,,,,,,,,,,,,,340,,,,,,,
Fiji,,,,,,,,,,,,,,,,,,,,,,,,,,,,,,,,,,,,,,,,,,,,,,,,,,,3540,,,,,,,
Finland,,,,,,,,,,,18200,18600,19900,21200,21800,22000,22000,21900,22500,24100,25300,25400,26000,26600,27400,28300,29100,30000,31500,32700,32600,30300,28800,28300,29600,31000,32300,34500,36100,38000,40200,41400,42100,42500,44600,45500,47500,49400,49500,45600,46800,47400,46500,45900,45600,45500,46500,
France,,,,,,,,,,,,21100,21800,23000,23700,23400,24300,25000,25900,26800,27200,27300,27800,27800,28000,28400,29100,29800,30900,32000,32700,33000,33500,33200,33700,34300,34800,35600,36800,38100,39200,39700,39500,39700,40600,41000,41800,42600,42400,40800,41500,42300,41800,41800,42000,42300,42700,
Gabon,,,,,,,,,,,7240,7730,8470,9050,12100,14400,19400,16700,11800,11100,11100,11600,11000,11300,12300,11700,11500,9260,10200,10900,10600,11000,10100,10200,10500,10600,10700,10900,11500,9980,8850,9330,9410,9220,8490,8910,7960,8000,7360,7720,7600,7540,8220,8540,9340,9060,9120,9190
Gambia,,,,,,,,,,,,,,,,,,,,,,,,,,,,,,,,,,,,,,,,,,,,,527,506,494,499,514,528,545,503,517,529,515,519,517,518
Georgia,,,,,,,,,,,,,,,,,,,,,,,,,,,,,,,,,,,,,,,,,,,,,,,,,,,2870,,,,,,,
Germany,,,,,,,,,,,19700,20300,21000,22000,22200,22100,23300,24100,24900,25900,26200,26300,26200,26800,27700,28400,29000,29300,30500,31500,32900,34100,34400,33800,34300,34700,34900,35500,36000,36600,37700,38300,38000,37900,38900,39300,41200,42400,42800,41000,42600,45200,45300,45300,45900,46300,46700,
Ghana,,,,,,,,,,,,,,,,,,,,,,,,,,,,,,,,,,,,,,,,,,,,,,,1120,1140,1220,1240,1290,1410,1480,1590,1590,1660,1670,1760
Greece,,,,,,,,,,,13600,14700,16000,17300,16200,17000,18000,18300,19300,19700,19700,19100,18800,18400,18500,18800,18800,18400,19100,19700,19800,20200,20200,19700,20100,20400,20800,21600,22300,22700,23400,24300,25000,26200,27500,27400,28600,29300,29000,27900,26400,23800,23000,22200,22600,22700,,
Grenada,,,,,,,,,,,,,,,,,,,,,,,,,,,,,,,,,,,,,,,,,,,,,,,,,,,6980,,,,,,,
Guatemala,1450,1460,1470,1560,1590,1620,1650,1670,1750,1780,1830,1880,1960,2040,2130,2100,2220,2350,2410,2470,2490,2430,2280,2170,2110,2050,1980,2010,2050,2080,2100,2150,2200,2240,2270,2330,2330,2390,2460,2490,2520,2540,2560,2560,2570,2590,2660,2760,2770,2720,2740,2780,2830,2880,2930,2990,3030,3060
Guinea,,,,,,,,,,,,,,,,,,,,,,,,,,,,,,,,,,,,,,,,,,,,,,,567,607,608,589,607,626,653,666,673,683,732,816
Guinea-Bissau,,,,,,,,,,,,,,,,,,,,,,,,,,,,,,,,,,,,,,,,,515,512,506,498,502,512,518,524,523,529,544,580,555,544,566,580,602,606
Guyana,,,,,,,,,,,,,,,,,,,,,,,,,,,,,,,,,,,,,,,,,,,,,,,,,,,3060,,,,,,,
Haiti,,,,,,,,,,,,,,,,,,,,,,,,,,,,,,,,,,,,,760,766,767,773,770,745,727,717,683,678,692,705,700,712,665,693,706,721,734,731,742,735
Honduras,1120,1080,1100,1100,1130,1180,1210,1230,1280,1260,1260,1270,1310,1370,1340,1310,1380,1470,1570,1590,1540,1550,1450,1420,1440,1460,1420,1450,1480,1510,1410,1410,1430,1540,1480,1480,1500,1560,1570,1520,1560,1560,1570,1600,1650,1710,1780,1880,1910,1820,1840,1860,1880,1890,1900,1960,1990,2050
Hungary,,,,,,,,,,,,,,,,,,,,,,,,,,,,,,,,,,8290,8530,8620,8590,8750,9130,9430,9930,10300,10800,11300,11800,12300,12900,12800,13000,12300,12400,12700,12600,13100,13500,13900,,
Iceland,,,,,,,,,,,,,,,,,,,,,,,,,,,,,,,,,,,,,30300,31600,33500,34500,35300,36400,37700,37900,39400,40600,40600,44000,36900,35500,35000,37100,38800,43600,43800,45600,,
India,303,308,310,323,339,323,316,334,338,353,363,361,351,354,351,374,372,390,403,373,389,404,407,426,432,445,456,463,495,513,529,523,541,556,582,616,651,665,693,742,755,779,796,844,897,964,1040,1130,1150,1230,1330,1400,1460,1530,1630,1740,1840,
Indonesia,,,,,,,,,,,,,,,,,,,,,,,,,,,,,,,,,,,,,,,,,,,,,,,,,,,3030,3170,3320,3460,3570,3700,3850,4000
Iran,,,,,,,,,,,,,,,,,,,7780,7090,4950,4560,5520,5630,4940,4860,4220,4090,3690,3800,4160,4570,4630,4630,4460,4560,4630,4610,4660,4560,4780,4750,5040,5410,5570,5680,5900,6330,6280,6250,6530,6620,6090,6000,6180,6020,6750,
Iraq,,,,,,,,,,,,,,,,,,,,,,,,,,,,,,,,,,,,,,,,,,,,,,,,,,,4550,,,,,,,
Ireland,,,,,,,,,,,,,,,,,,,,,,,,,,,,,,,,,,,,26200,28200,30300,32300,34300,37000,37700,38700,40500,42700,44400,46200,46600,43900,40000,40600,40500,40500,42600,46100,53200,,
Israel,,,,,,,,,,,,14400,15700,15900,16400,16400,16100,16000,16400,17000,16700,17400,17300,17500,17100,17400,18000,19200,19600,19500,20400,20900,21700,22000,23000,24000,24500,24600,25100,25100,25900,25900,25500,25300,26200,27300,28400,29600,29400,28900,30100,31100,30700,31600,32400,32700,33300,
Italy,,,,,,,,,,,17700,18000,18600,19700,20500,20000,21300,21800,22400,23700,24500,24600,24600,24900,25700,26400,27100,28000,29200,30100,30400,30800,31000,30800,31400,32400,32900,33700,34200,34800,36000,36700,36700,36500,37000,37300,38000,38300,37200,35300,35800,35900,34800,33800,33600,33800,34400,
Jamaica,,,,,,,,,,,,,,,,,,,,,,,,,,,,,,,,,,,,,,,,,,,,,,,,4810,4810,4510,4510,4590,4630,4590,4610,4590,4590,
Japan,,,,,,,,,,,18700,19300,20700,22200,21400,21800,22500,23200,24200,25400,25900,26700,27500,28300,29400,30800,31600,33000,35100,36700,38400,39600,39900,39600,39800,40700,42000,42400,41800,41600,42800,42900,42800,43400,44500,45400,46200,47100,46300,43800,45700,45800,46500,47800,48100,48900,47600,
Jordan,,,,,,,,,,,,,,,,,2090,2160,2480,2640,3030,3100,3200,3100,3150,3120,3190,3120,2890,2380,2300,2170,2480,2480,2490,2570,2540,2600,2650,2690,2840,2950,3040,3120,3330,3490,3650,3790,3840,3840,3650,3550,3440,3370,3310,3260,3230,3220
Kazakhstan,,,,,,,,,,,,,,,,,,,,,,,,,,,,,,,,,,4660,4120,3840,3910,4030,4020,4090,4360,5020,5570,6000,6450,6780,7140,7570,7410,7770,7880,8010,8430,9240,9540,10200,9700,
Kenya,,,,,528,524,580,578,606,640,591,698,787,784,792,776,753,797,822,852,872,872,847,831,814,818,845,863,882,901,897,877,844,804,808,832,856,840,847,840,825,832,816,816,836,869,898,932,912,916,964,999,1010,1040,1060,1100,1130,1160
Kiribati,,,,,,,,,,,,,,,,,,,,,,,,,,,,,,,,,,,,,,,,,,,,,,,,,,,2170,,,,,,,
Kuwait,,,,,,,,,,,,,,,,,,,,,,,,,,,,,,,,,,,,,,,,,,,,,,,,,,,41300,42300,43200,41200,39900,38000,38200,
Kyrgyz Republic,,,,,,,,,,,,,,,,,,,,,,,,,,,,,,,1080,981,836,704,557,518,547,585,584,589,612,651,647,687,717,715,742,800,839,855,824,827,876,927,959,977,986,1030
Lao,,,,,,,,,,,,,,,,,,,,,,,,,,,,,,,,,,,,,,,,,650,676,706,725,769,823,849,919,962,1040,1070,1130,1220,1310,1400,1490,1570,1630
Latvia,,,,,,,,,,,,,,,,,,,,,,,,,,,,,,,,,,,,5180,5360,5900,6340,6450,6930,7500,8120,8830,9520,10800,12000,13200,13100,12400,11500,12300,12800,13400,13700,14200,14700,
Lebanon,,,,,,,,,,,,,,,,,,,,,,,,,,,,,,,,,,,6620,6970,7160,6890,7010,6910,6880,6720,6320,5360,6360,6540,6640,7370,7970,8450,8740,8400,8070,7720,7360,7090,7010,7200
Lesotho,,,,,,,,,,,,,,,,,,,,,,,,,,,,,,,,,,,,,,,,,,,,,,,,1430,1490,1440,1480,1470,1500,1490,1480,1510,1550,
Liberia,,,,,,,,,,,,,,,,,,,,,,,,,,,,,,,,,,,,,,,,,299,259,245,151,229,235,241,265,270,279,282,307,305,324,319,316,304,
Libya,,,,,,,,,,,,,,,,,,,,,,,,,,,,,,,,,,,,,,,,,,,,,,,,,,,12100,,,,,,,
Liechtenstein,,,,,,,,,,,,,,,,,,,,,,,,,,,,,,,,,,,,,,,,,,,,,,,,,,,119000,,,,,,,
Lithuania,,,,,,,,,,,,,,,,,,,,,,,,,,,,,,,,,,,,,,,,,,,,,9440,10400,11300,12400,12900,11800,11800,12500,13300,13900,14700,14700,15300,
Luxembourg,,,,,,,,,,,36200,36800,39100,41300,42400,41400,43400,44300,45700,45600,44700,43200,48300,52700,54900,57200,60600,62900,67100,74300,79000,84600,85400,85400,84500,87400,87200,93400,95500,99700,107000,111000,104000,97500,108000,115000,112000,133000,124000,92900,75900,72400,70800,68600,68300,70300,73500,
"Macedonia, FYR",,,,,,,,,,,,,,,,,,,,,,,,,,,,,,,3810,3600,3310,3080,3050,3030,3050,3070,3150,3250,3390,3300,3330,3400,3570,3690,3930,4000,4370,4370,4480,4560,4520,4640,4830,4940,5030,5010
Madagascar,690,688,686,663,672,653,673,693,721,724,744,750,723,684,675,666,628,628,594,632,619,537,510,497,481,476,470,456,454,458,474,422,422,420,403,397,397,405,410,419,422,436,368,393,400,408,416,433,451,419,408,401,395,393,397,394,399,
Malawi,,,,,,,,,,,,,,,,,,,,,,,,,,,,,,,,,,,,,,,,,,,348,358,367,370,376,402,420,438,452,460,451,458,470,468,468,473
Malaysia,1300,1380,1430,1480,1510,1570,1650,1700,1790,1810,1890,2010,2160,2330,2450,2430,2630,2760,2850,3030,3200,3360,3440,3510,3660,3520,3500,3580,3840,4070,4370,4630,4900,5270,5610,6010,6440,6700,6040,6160,6480,6440,6690,7000,7340,7640,8040,8450,8610,8420,8780,9150,9350,9650,10100,10400,10700,11200
Maldives,,,,,,,,,,,,,,,,,,,,,,,,,,,,,,,,,,,,,,,,,,,,,,,,,,,6250,,,,,,,
Mali,,,,,,,,,,,,,,,,,,,,,,,,,,,,,,,480,527,497,501,500,488,509,519,545,564,550,593,585,637,627,647,651,659,671,678,681,683,654,658,684,705,719,738
Malta,,,,,,,,,,,,,,,,,,,,,,,,,,,,,,,,,,,,,,,,,17900,18400,18800,18900,18900,19000,19200,19900,20600,19100,20000,20600,20800,21400,22600,24400,24600,
Marshall Islands,,,,,,,,,,,,,,,,,,,,,,,,,,,,,,,,,,,,,,,,,,,,,3680,3820,3820,3940,3810,3730,3800,3850,3830,4020,4190,4490,,
Mauritania,,,,,,,,,1160,1100,1230,1210,1170,1120,1240,1080,1060,1060,1070,1090,1110,1080,1030,1020,988,968,981,974,978,1010,965,973,968,990,932,995,1090,1010,1010,1060,1010,969,1010,1040,1060,1120,1220,1230,1230,1210,1180,1180,1200,1250,1290,1260,1270,1290
Mauritius,,,,,,,,,,,,,,,,,2370,2450,2500,2530,2230,2280,2380,2370,2440,2590,2830,3100,3300,3460,3680,3840,4050,4190,4270,4430,4600,4830,5060,5130,5530,5680,5760,5880,6200,6250,6790,7290,7570,7660,8100,8350,8620,8880,8960,9410,9780,
Mexico,3730,3790,3860,4040,4360,4510,4620,4830,5130,5140,5290,5320,5570,5830,5970,6100,6170,6200,6570,7020,7460,7870,7420,7040,7170,7270,6810,6860,6870,7040,7280,7470,7600,7810,7970,6910,7380,7770,7990,8210,8500,8310,8240,8410,8710,8770,9020,9340,9330,8730,9050,9150,9270,9170,9350,9500,9530,9720
"Micronesia, Fed. Sts.",,,,,,,,,,,,,,,,,,,,,,,,,,,,,,,,,,,,,,,,,,,,,,,,,,,2960,,,,,,,
Moldova,,,,,,,,,,,,,,,,,,,,,,,,,,,,,,,,,,,,1070,1060,1070,1000,967,986,1100,1190,1330,1450,1550,1620,1640,1770,1610,1770,1890,1930,2100,2190,2120,2220,
Mongolia,,,,,,,,,,,,,,,,,,,,,,,,,,,,,,,,,,,,,,,,,,,,,,,,,,,2440,2790,3090,3470,3580,3600,3640,3460
Montenegro,,,,,,,,,,,,,,,,,,,,,,,,,,,,,,,,,,,,,,,,,5200,5270,5370,5480,5680,5670,6190,6560,7040,6530,6640,6950,6820,7070,7150,7480,7610,8000
Morocco,,,,,,,804,866,927,984,1020,1050,1050,1060,1100,1160,1250,1290,1280,1310,1320,1250,1330,1310,1370,1400,1530,1490,1620,1640,1670,1760,1690,1640,1800,1670,1860,1810,1920,1920,1930,2050,2100,2200,2290,2350,2490,2560,2680,2730,2800,2890,2930,3040,3040,3150,3150,3230
Mozambique,,,,,,,,,,,,,,,,,,,,,192,195,176,145,132,131,127,143,158,164,167,171,153,161,164,164,205,222,242,258,248,272,264,298,307,324,334,353,369,394,405,430,451,470,487,499,501,499
Myanmar,,,,,,,,,,,,,,,,,,,,,,,,,,,,,,,,,,,,,,,,,,,,,,,,,,,987,,,,,,,
Namibia,,,,,,,,,,,,,,,,,,,,,3650,4070,3880,3870,3660,3010,3220,3620,3260,3380,3550,3770,3820,3700,3630,3760,3690,3720,3750,3680,3780,3720,3890,4140,4450,4390,4680,4880,4950,4880,4990,5210,5270,5640,5890,6090,5880,5760
Nauru,,,,,,,,,,,,,,,,,,,,,,,,,,,,,,,,,,,,,,,,,,,,,,,,,,,5720,,,,,,,
Nepal,,,,,,,,,,,,,,,,,,,,,,,,,,,,,,,,,,,,,,,,,,475,465,476,490,504,517,530,557,577,597,609,632,650,687,702,696,737
Netherlands,,,,,,,,,,,24900,25500,26200,27500,28200,27500,28700,29200,29600,30300,30300,29700,29200,29800,30700,31000,31700,32400,33200,34500,35400,36000,36300,36700,37700,38900,40200,41400,42500,45100,46900,46400,46300,46800,47800,47800,50500,51900,51100,49900,50700,51900,51200,50700,50400,51100,51600,
New Zealand,,,,,,,,,,,,,,,,,,,,,,,,,,,,,,,,,,,,,,,26000,26900,27400,28400,29400,30200,30400,30800,31100,31800,31000,32400,32000,32800,33600,34000,34600,35300,35300,
Nicaragua,,,,,,,,,,,,,,,,,,,,,,,,,,,,,,,,,,,929,1000,1070,1110,1160,1220,1250,1270,1270,1280,1340,1390,1420,1480,1550,1480,1520,1600,1690,1750,1810,1900,1950,1950
Niger,,,,,,,,,,,,,,,,,,,,,,,,,,,,,,,,,,,,,,,,,,,,,,,333,331,348,332,345,340,362,365,380,380,384,387
Nigeria,,,,,,,,,,,,,,,,,,,,,,1600,1560,1450,1380,1440,1250,1060,1190,1160,1270,1230,1190,1140,1150,1160,1200,1210,1200,1210,1110,1200,1200,1270,1670,1660,1920,1910,1970,2030,2200,2250,2300,2360,2480,2510,2410,
Norway,,,,,,,,,,,,,,,,,,,43500,45100,47100,47700,47600,49500,52400,55700,57800,58700,57700,57900,58800,60100,62500,63800,67000,69700,72800,76300,77800,79000,80600,82900,83800,84300,86800,89300,89800,91200,90400,88600,88600,88200,89300,89400,92500,94400,94800,
Oman,,,,,,,,,,,,,,,,,,,,,,,,,,,,,,,,,,,,,,,,,18200,18900,18100,17500,17400,17100,16300,17900,18200,18300,18100,16700,17000,17000,16200,16400,,
Pakistan,,,,,,,,,,,,,,,,,,,,,,,,,,,688,735,751,760,776,777,804,795,799,823,831,815,815,825,838,836,861,907,946,996,1030,1060,1060,1070,1080,1090,1110,1140,1170,1210,1250,1290
Palau,,,,,,,,,,,,,,,,,,,,,,,,,,,,,,,,,,,,,,,,,,,,,,,,10100,9230,9070,8870,9390,9620,9240,9490,10100,10100,
Palestine,,,,,,,,,,,,,,,,,,,,,,,,,,,,,,,,,,,1720,1770,1800,2160,2730,3140,2640,2320,2200,2350,2460,2710,2550,2470,2230,2510,2500,2620,2930,2760,2700,3000,3030,2840
Panama,1910,2070,2180,2310,2350,2450,2560,2690,2790,2940,3060,3260,3310,3390,3370,3420,3330,3290,3540,3570,3990,4180,4540,4460,4290,4550,4390,4710,3800,3690,3930,4100,4400,4650,4740,4640,4750,4900,5140,5170,5290,5190,5380,5330,5540,5800,6190,6750,7340,7250,7340,8330,8920,9270,9670,9410,9570,
Papua New Guinea,,,,,,,,,,,,,,,,,,,,,,,,,,,,,,,,,,,,,,,,,,,,,,,,,,,1840,,,,,,,
Paraguay,,,,,,,,,,,,,,,,,,,,,,,,,,,,,,,,,,,,2640,2780,2740,2680,2570,2350,2300,2310,2130,2230,2270,2450,2700,2870,2670,3000,3150,3010,3430,3580,3620,3720,3710
Peru,2560,2690,2890,2930,3030,3120,3270,3300,3190,3210,3260,3340,3370,3470,3710,3770,3690,3680,3430,3420,3570,3690,3600,3090,3120,3130,3310,3580,2490,2210,2530,2600,2540,2600,2870,3020,3090,3250,3220,3220,3250,3250,3360,3430,3490,3620,3750,4030,4400,4420,4650,4860,5170,5490,5570,5750,5850,5930
Philippines,1050,1080,1100,1140,1140,1160,1180,1200,1210,1240,1240,1270,1300,1380,1400,1440,1510,1560,1600,1640,1670,1680,1670,1660,1470,1330,1330,1360,1430,1470,1510,1480,1470,1470,1520,1560,1620,1700,1780,1790,1890,1920,1950,2000,2090,2160,2210,2300,2370,2440,2570,2600,2740,2910,3030,3160,3320,3480
Poland,,,,,,,,,,,,,,,,,,,,,,,,,,,,,,,,,,,,,,,,,,,,,9310,9790,10400,11000,11600,11800,12200,12800,13000,13200,13600,14100,14500,15100
Portugal,,,,,,,,,,,8950,9510,10300,11600,11600,10400,10700,11200,11300,11800,12100,12100,12100,12100,11700,12100,12700,13700,14800,15900,16600,17400,17700,17400,17400,18200,18700,19300,20100,20800,21100,21300,21400,21300,21600,21700,21600,22100,22000,21300,21800,21700,20800,20900,21200,21400,21900,
Qatar,,,,,,,,,,,,,,,,,,,,,,,,,,,,,,,,,,,,,,,,,,,,,61200,54900,62600,62700,62500,59700,63000,65800,64700,64300,64000,65200,,
Romania,,,,,,,,,,,,,,,,,,,,,,,,,,,,,,,5350,4710,4330,4390,4570,4900,5100,4860,4760,4740,4890,5240,5590,5870,6270,6650,7190,7790,8640,8290,8110,8300,8430,8720,9110,9400,9870,10600
Russia,,,,,,,,,,,,,,,,,,,,,,,,,,,,,,,9500,9000,7630,6980,6140,5870,5640,5690,5280,5640,6310,6750,7070,7540,8180,8710,9400,10300,10800,9900,10300,10900,11200,11400,11300,11000,11000,11200
Rwanda,,,,,,,,,,,336,330,321,320,315,300,347,343,362,393,415,425,419,428,395,394,397,378,378,369,359,358,400,390,204,281,304,325,326,317,324,337,374,374,395,426,455,480,518,535,559,588,620,629,657,697,720,747
Samoa,,,,,,,,,,,,,,,,,,,,,,,,,,,,,,,,,,,,,,,,,,,,,,,,,,,3360,,,,,,,
Sao Tome and Principe,,,,,,,,,,,,,,,,,,,,,,,,,,,,,,,,,,,,,,,,,,,,,,,,,,,1130,,,,,,,
Saudi Arabia,,,,,,,,,,,,,,,,,,,,,,,,,,,,,,,,,,,,,,,,,18300,17700,16700,18000,18900,19500,19500,19400,20200,19200,19500,20900,21400,21300,21600,22000,21800,21100
Senegal,,,,,,,,,1010,923,968,938,966,876,884,921,985,938,875,917,861,876,916,842,838,840,842,867,832,842,816,812,808,784,762,785,794,798,829,855,860,880,861,899,930,957,958,979,990,977,991,972,984,987,994,1020,1060,1100
Serbia,,,,,,,,,,,,,,,,,,,,,,,,,,,,,,,,,,,,,,3480,3560,3130,3410,3580,3820,3990,4360,4590,4830,5100,5360,5270,5290,5400,5310,5430,5360,5370,5490,5550
Seychelles,,,,,,,,,,,,,,,,,,,,,,,,,,,,,,,,,,,,,,,,,,,,,,,,,,,10200,,,,,,,
Sierra Leone,,,,,,,,,,,,,,,,,,,,,,,,,,,,,,,,,,,,,,,,,,267,323,338,344,345,349,392,414,421,404,409,482,548,551,431,404,
Singapore,3480,3640,3790,4090,3880,4070,4390,4790,5300,5920,6580,7150,7960,8500,8850,9490,9900,10400,11300,12200,12600,13200,13700,15000,16400,16500,16600,17600,19300,20800,22000,22700,23900,25500,28000,29200,29700,32000,30100,31500,33200,31900,32300,34000,35400,37300,40700,42700,40800,39200,46300,47300,47300,49100,51100,50900,50700,53300
Slovak Republic,,,,,,,,,,,,,,,,,,,,,,,,,,,,,,,,,,,,,,,,,,,,,11900,12800,13900,15400,16400,15700,16200,16400,17000,17400,17700,18400,,
Slovenia,,,,,,,,,,,,,,,,,,,,,,,,,,,,,,,,,,,,,,,,,,,,,21000,21900,23000,24200,24900,22900,23200,23400,22700,22500,23200,23200,,
Solomon Islands,,,,,,,,,,,,,,,,,,,,,,,,,,,,,,,,,,,,,,,,,,,,,,,,,,,941,,,,,,,
South Africa,4370,4410,4600,4820,5060,5220,5320,5560,5630,5720,5860,5970,5890,5980,6160,6080,6050,5890,5920,5990,6220,6390,6210,5940,6090,5850,5730,5770,5900,5910,5740,5610,5380,5330,5390,5440,5550,5600,5530,5570,5710,5750,5910,5990,6230,6480,6760,6950,7110,6990,7120,7220,7270,7350,7380,7390,7310,7290
South Korea,955,995,1000,1060,1140,1190,1310,1410,1560,1740,1850,1980,2070,2330,2520,2630,2940,3260,3580,3810,3660,3840,4120,4580,4980,5270,5800,6530,7270,7750,8450,9230,9700,10300,11100,12000,12800,13400,12500,13800,15000,15600,16700,17100,17900,18400,19400,20300,20800,20800,22100,22900,23400,23900,24400,24900,25600,26200
Spain,,,,,,,,,,,13400,13900,14900,15900,16700,16600,16900,17100,17200,17100,17300,17000,17100,17300,17500,18000,18600,19600,20500,21500,22300,22800,22900,22700,22700,23600,24100,24900,25800,26900,28200,29000,29400,29800,30200,30700,31300,31700,31400,30300,30300,29800,29200,28900,29400,30500,31500,
Sri Lanka,,573,596,588,603,600,620,643,656,697,672,654,645,672,677,699,683,706,772,872,918,941,981,998,1010,1070,1100,1110,1120,1120,1180,1220,1270,1340,1400,1450,1490,1590,1640,1700,1790,1750,1810,1920,2000,2110,2250,2390,2490,2590,2780,3000,3230,3290,3430,3550,3660,3730
St. Kitts and Nevis,,,,,,,,,,,,,,,,,,,,,,,,,,,,,,,,,,,,,,,,,,,,,,,,,,,13100,,,,,,,
St. Lucia,,,,,,,,,,,,,,,,,,,,,,,,,,,,,,,,,,,,,,,,,,,,,,,,,,,7780,,,,,,,
St. Vincent and the Grenadines,,,,,,,,,,,,,,,,,,,,,,,,,,,,,,,,,,,,,,,,,,,,,,,,,,,6120,,,,,,,
Sudan,,,,,,846,793,777,768,756,778,771,709,693,746,836,946,973,886,812,799,804,839,824,743,681,698,778,749,784,698,686,732,758,768,800,848,921,931,927,934,961,1000,1030,1040,1100,1190,1290,1350,1360,1360,1520,1670,1230,1670,1720,1760,1800
Suriname,,,,,,,,,,,,,,,,,,,,,,,,,,,,,,,,,,,,,,,,,,,,,,,,,,,8110,,,,,,,
Swaziland,,,,,,,,,,,,,,,,,,,,,,,,,,,,,,,2860,2860,2890,2850,2730,2970,3110,3140,3020,3110,3010,3150,3070,3100,3250,3610,3590,3710,3630,3550,3500,3680,3790,4020,3990,3960,3900,
Sweden,,,,,,,,,,,26500,26600,27200,28300,29100,29700,29900,29300,29700,30800,30900,30800,30900,31400,32700,33400,34400,35700,36400,37000,36700,35700,34400,33200,35100,36400,37000,38100,40100,42600,44700,45300,46200,47900,49200,50700,53500,55100,54600,50800,53600,54200,53800,53900,54700,56200,57400,
Switzerland,,,,,,,,,,,,,,,,,,,,,55900,56700,55600,55900,57800,59600,60000,60400,62400,64200,65500,64200,63300,62900,62700,63100,63300,65700,67800,69100,72000,70700,69500,71600,72900,76100,78000,75400,70700,74400,78800,75400,76300,76900,76800,77900,,
Tajikistan,,,,,,,,,,,,,,,,,,,,,,,,,,,,,,,,,,697,529,453,360,378,392,401,422,455,494,532,588,620,649,693,739,748,912,954,1000,1070,,,,
Tanzania,,,,,,,,,,,,,,,,,,,,,,,,,,,,,,,475,472,458,450,443,449,462,464,471,482,491,497,530,546,572,598,619,643,659,674,694,728,737,770,797,822,853,
Thailand,569,582,608,637,660,695,749,792,831,860,930,946,956,1020,1050,1070,1140,1220,1310,1350,1390,1430,1480,1550,1600,1640,1690,1820,2030,2250,2470,2640,2800,3020,3230,3450,3590,3430,3100,3240,3390,3450,3600,3810,4010,4140,4360,4580,4630,4580,4860,4970,5190,5210,5310,5440,5640,
Timor-Leste,,,,,,,,,,,,,,,,,,,,,,,,,,,,,,,,,,,,,,,,,1890,1960,2100,1730,1240,661,1160,2420,2630,3000,3010,2950,1740,2290,2060,3010,3020,2570
Togo,,,,,,,,,,,,,,,,,,,,,,,,,,,,,,,,,,,,,,,,,,,,,,,,,,424,425,424,417,411,458,555,568,587
Tonga,,,,,,,,,,,,,,,,,,,,,,,,,,,,,,,,,,,,,,,,,,,,,,,,,,,3660,,,,,,,
Trinidad and Tobago,,,,,,,,,,,,,,,,,,,,,,,,,,,,,,,,,,,,,,,,,,,,,,,,,,,15900,,,,,,,
Tunisia,,,,,,1080,1100,1070,1150,1170,1210,1320,1520,1460,1550,1630,1710,1730,1800,1870,1970,2010,1950,1990,2050,2090,2000,2080,2030,2020,2160,2180,2290,2260,2300,2330,2450,2570,2670,2800,2890,2980,3000,3120,3290,3340,3500,3660,3760,3860,3950,3820,3940,3980,,,,
Turkey,,,,,,,,,,,,,,,,,,,,,,,,,,,,6230,6230,6170,6670,6600,6820,7240,6730,7190,7610,8060,8150,7730,8120,7440,7850,8180,8880,9590,10100,10500,10500,9850,10600,11600,12000,12800,13200,13700,14000,14700
Turkmenistan,,,,,,,,,,,,,,,,,,,,,,,,,,,,,,,,,,,,,,,,,,,,,,,,,,,4070,,,,,,,
Tuvalu,,,,,,,,,,,,,,,,,,,,,,,,,,,,,,,,,,,,,,,,,,,,,,,,,,,4840,,,,,,,
Uganda,,,,,,,,,,,,,,,,,,,,,,,299,304,296,276,269,272,283,290,296,303,299,318,328,356,377,386,394,412,405,406,431,444,455,466,501,528,555,573,585,620,619,619,629,642,650,651
Ukraine,,,,,,,,,,,,,,,,,,,,,,,,,,,,,,,4070,3710,3260,2730,2150,1890,1720,1680,1650,1650,1760,1970,2100,2330,2620,2720,2920,3170,3280,2780,2920,3060,3100,3100,3090,2790,2880,3080
United Arab Emirates,,,,,,,,,,,,,,,,,,,,,,,,,,,,,,,,,,,,,,,,,,63500,59200,59900,60300,57200,55200,50100,44300,37600,35000,35800,36400,37900,39200,41000,41700,41500
United Kingdom,,,,,,,,,,,17900,18400,19100,20300,19800,19500,20100,20600,21400,22200,21700,21600,22000,22900,23400,24300,25100,26300,27800,28400,28500,28100,28200,28800,29900,30500,31200,32400,33300,34300,35600,36500,37500,38600,39300,40500,40700,41300,40500,38500,39200,39400,39200,39600,40200,40800,41300,
United States,,,,,,,,,,,23400,23900,24800,26100,25700,25400,26500,27500,28700,29300,29000,29400,28600,29600,31400,32400,33100,34000,35100,36100,36400,35900,36600,37100,38100,38700,39700,40900,42200,43800,45100,45100,45500,46400,47800,48900,49700,50300,49800,47900,48900,49400,50100,50500,51400,52400,52700,
Uruguay,,,,,,5340,5440,5160,5220,5510,6370,5600,5460,5130,5650,5930,6160,6240,6530,6950,7070,7380,6520,5600,5400,5460,6050,6540,6600,6600,6640,6910,7450,7600,8070,7920,8320,9030,9370,9200,8990,8620,8020,7730,8080,8820,9230,9810,10400,10800,11500,12100,12500,13000,13400,13500,13600,13900
Uzbekistan,,,,,,,,,,,,,,,,,,,,,,,,,,,,,,,,,,,,725,721,740,763,785,798,820,845,873,936,993,1050,1200,1310,1340,1420,1510,1630,1750,1830,1890,2000,2110
Vanuatu,,,,,,,,,,,,,,,,,,,,,,,,,,,,,,,,,,,,,,,,,,,,,2420,2450,2650,2700,2960,2900,2860,2840,2740,2890,2910,,,
Venezuela,,11900,12400,12500,13200,13300,13100,13000,13500,13300,13900,13700,13700,14100,14200,14500,15200,15700,15600,15300,14300,13900,12900,12000,11700,11400,12000,12000,12500,10800,11700,12600,12900,12600,12000,12300,12000,12500,12300,11500,11700,11800,10400,9460,10900,12100,13200,14400,14800,13900,13400,13500,14000,14000,13600,,,
Vietnam,,,,,,,,,,,,,,,,,,,,,,,,,,,,,,,,,,,527,575,617,656,685,712,806,848,893,943,1010,995,1050,1110,1160,1190,1260,1320,1370,1430,1490,1560,1660,1740
Yemen,,,,,,,,,,,,,,,,,,,,,,,,,,,,,,,,,,,,,,,,,1040,1070,1070,1060,1060,1090,1140,1150,1140,1190,1230,1030,1060,1080,1030,650,431,
Zambia,,,,,,,,,,,,,,,,,,,,,,,,,,,,,,,,,,,,,,,,,,,,,,,,,,,1360,,,,,,,
Zimbabwe,,,,,,,,,,,,,,,,,,,,,,,,,,,,,,,,,,,,,,,,,,,,,,786,743,700,555,557,619,679,772,828,830,819,819,822
