country,1962,1963,1964,1965,1966,1967,1968,1969,1970,1971,1972,1973,1974,1975,1976,1977,1978,1979,1980,1981,1982,1983,1984,1985,1986,1987,1988,1989,1990,1991,1992,1993,1994,1995,1996,1997,1998,1999,2000,2001,2002,2003,2004,2005,2006,2007,2008,2009,2010,2011,2012,2013,2014,2015,2016,2017,2018,2019
Afghanistan,,,,,,,,,,,,,,,,,,,,,,,,,,,,,,,,,,,,,,,,,,,,,,,,450,510,530,630,660,630,600,570,560,550,540
Albania,,,,,,,,,,,,,,,,,,,,,,,,,700,730,730,760,650,410,280,320,380,640,890,800,860,950,1100,1280,1370,1650,2100,2620,3050,3460,4030,4280,4360,4410,4360,4540,4540,4390,4320,4290,4860,5240
Algeria,,,240,250,230,250,280,310,330,320,440,530,710,910,1060,1100,1320,1640,1990,2200,2260,2190,2270,2400,2590,2810,2750,2550,2370,1980,1900,1730,1620,1550,1520,1510,1540,1530,1590,1670,1730,1930,2250,2710,3100,3600,4220,4290,4480,4600,5170,5510,5490,4850,4370,3920,3960,3970
Angola,,,,,,,,,,,,,,,,,,,,,,,,590,680,660,650,850,780,900,330,290,180,370,360,450,410,330,360,390,590,710,1010,1370,1810,2460,3030,3170,3240,3420,4170,4780,5010,4520,3770,3450,3210,3050
Antigua and Barbuda,,,,,,,,,,,,,,,,,,1740,2180,2430,2470,2690,3170,3610,3970,4880,6040,6450,6820,7230,7470,7960,8450,8140,8700,9080,9270,9610,10100,9850,9670,10500,11400,12400,13800,15100,15200,13600,12700,12400,12800,12600,12700,13000,13500,14400,15900,16700
Argentina,,,1120,1230,1350,1240,1210,1300,1320,1470,1470,1820,2470,2720,2360,2220,2190,2630,2910,2820,2670,2870,2830,2700,3020,3590,3960,2930,3190,3860,6070,7120,7620,7360,7740,8150,8030,7580,7470,7000,4040,3650,3370,4260,5480,6510,7670,7790,9270,10700,11900,12800,12300,12600,12200,13100,12400,11200
Armenia,,,,,,,,,,,,,,,,,,,,,,,,,,,,,,,310,360,400,470,520,560,590,610,660,710,800,960,1180,1540,2020,2760,3600,3340,3470,3530,3880,4110,4140,4010,3760,3950,4230,4680
Australia,1870,1970,2100,2270,2340,2530,2730,2970,3270,3470,3880,4640,5940,7210,7850,8070,8460,9580,10800,11900,12100,11600,12000,12000,12300,12500,14100,15600,17300,18200,18500,18900,18800,19300,20400,21900,21700,21400,21100,20100,20000,21100,25500,30300,34100,37300,42300,44100,46600,50300,60200,66000,65200,60500,54100,51600,53300,54900
Austria,1060,1140,1240,1340,1470,1560,1680,1850,2070,2320,2760,3580,4650,5540,5980,6660,7540,9620,11500,11200,10400,9600,9270,9360,10800,13800,18100,19300,20600,21800,24500,24900,26100,28200,30100,29600,28000,27100,26800,25300,25000,28000,33800,38700,41500,44500,49100,49000,49600,50600,50100,50700,50400,47500,46200,45200,49400,51300
Azerbaijan,,,,,,,,,,,,,,,,,,,,,,,,,,,,,,,,590,440,400,410,450,510,570,610,650,710,810,940,1270,1900,2710,3870,4790,5370,5460,6410,7410,7690,6570,4760,4090,4060,4480
Bahamas,1550,1650,1760,1900,2040,2230,2450,2760,2920,3110,3190,3740,3840,4640,3120,3360,3720,5200,6050,5790,6360,6640,7700,8510,9400,10800,11700,12400,11900,11300,11600,11300,11600,14300,15900,14700,17600,24200,25900,26600,27200,27800,29300,30600,30800,31100,31000,29000,28400,28000,29000,28400,27700,28300,28900,29900,30500,31800
Bahrain,,,,,,,,,,,,,,,,,,,,,8520,9150,9310,7900,7230,7700,7800,7660,9070,9800,9890,10000,9680,10400,10800,10300,10100,9870,10900,11500,12100,12900,14600,16600,17900,19700,20900,18800,19000,18200,22000,23800,24100,22700,21600,21200,21900,22100
Bangladesh,,,,,,,,,,,,120,160,210,200,170,170,190,230,260,250,230,220,230,250,280,290,300,320,320,330,320,320,340,370,400,420,420,440,440,440,460,510,550,570,610,660,730,800,890,970,1040,1110,1220,1370,1520,1750,1940
Barbados,,,,,,,,,,,,,,,,,,,,,,,,,5910,6690,7430,7860,7600,7570,7460,7690,8010,8340,8700,9050,9420,9820,10800,10600,10700,11300,12300,13200,14200,15500,16200,15700,15500,15100,15700,15700,15600,15700,15900,16100,16700,17400
Belarus,,,,,,,,,,,,,,,,,,,,,,,,,,,,,,,1790,1600,1450,1360,1450,1530,1550,1400,1380,1300,1380,1630,2170,2810,3520,4310,5500,5700,6150,6260,6610,7010,7590,6710,5620,5300,5700,6280
Belgium,1450,1530,1670,1800,1950,2100,2270,2510,2790,3080,3640,4690,6000,6910,7580,8220,9560,11700,14000,13200,11200,9430,8860,8820,10200,13100,17000,18000,19300,20600,23200,23400,25100,27100,28600,28500,26500,26000,25900,24400,24000,27000,32800,37700,39900,42700,46500,46800,47000,46400,47100,47900,47800,45500,43400,42800,45900,47400
Belize,330,340,350,370,390,420,420,420,420,450,520,600,730,840,800,850,930,1120,1420,1430,1290,1150,1160,1200,1350,1610,1870,2080,2260,2420,2680,2790,2770,2860,2880,2890,2780,2880,3150,3130,3200,3420,3560,3620,3740,3670,3880,4050,3880,4050,4100,4180,4230,4400,4340,4310,4450,4450
Benin,90,100,110,110,110,120,120,120,120,120,130,160,190,200,210,230,250,310,390,410,360,290,270,260,270,310,360,340,370,380,370,380,330,360,350,380,370,410,480,530,530,600,730,820,860,920,1030,1080,1080,1090,1120,1220,1270,1180,1110,1090,1200,1250
Bhutan,,,,,,,,,,,,,,,,,,,,,290,270,300,300,350,490,550,570,580,500,470,440,470,490,530,580,550,580,730,770,810,910,1030,1200,1330,1640,1770,1860,2040,2240,2390,2410,2460,2520,2650,2800,2970,
Bolivia,,,,,,,,,,,,,,,550,580,650,760,820,900,860,840,850,840,740,720,710,720,720,740,770,790,810,850,900,950,990,980,980,950,920,910,950,1020,1110,1220,1480,1620,1780,1990,2250,2590,2830,2960,3040,3090,3370,3530
Bosnia and Herzegovina,,,,,,,,,,,,,,,,,,,,,,,,,,,,,,,,,,,760,1010,1330,1400,1490,1600,1770,2040,2590,3180,3510,3920,4730,4970,4950,5010,4990,5270,5300,5210,5130,5110,5740,6150
Botswana,80,80,90,90,100,100,120,140,160,200,260,350,440,520,540,580,690,890,1110,1340,1290,1170,1090,1070,1150,1340,1980,2320,2720,3070,3270,3330,2960,3260,3180,3330,3210,3150,3170,3260,2930,3370,3920,4940,5440,5730,5740,5330,5610,6610,7260,7580,7530,6840,6570,6730,7410,7660
Brazil,,,,,280,310,370,410,450,510,590,760,980,1180,1360,1490,1680,1970,2200,2090,2010,1730,1630,1580,1800,2050,2260,2760,2730,3280,3170,3090,3030,3760,4460,5020,4840,4120,3930,3350,3090,2980,3340,4000,4850,6190,7620,8320,9650,11100,12300,12800,12100,10200,8920,8700,9080,9130
Brunei,,,,,,,,,,,,,,,,,,,,,,,,,,,,12100,12500,13600,15200,15000,15100,15700,16200,16200,14400,14000,14700,16100,17100,17800,20000,23100,27600,30900,34200,32500,33300,35500,42400,45300,43100,38900,33200,29800,29400,32200
Bulgaria,,,,,,,,,,,,,,,,,,,,,2360,2090,2010,1950,2190,2720,3110,2830,2250,1620,1430,1250,1240,1520,1590,1460,1440,1480,1660,1770,1970,2370,3060,3800,4300,4810,6070,6670,6940,7220,7430,7590,7740,7450,7430,7640,8910,9410
Burkina Faso,80,80,80,80,80,90,90,90,90,90,90,110,140,160,170,170,200,250,300,300,280,240,210,210,240,270,330,330,330,360,320,280,230,230,250,250,250,,,,,,,,,,,,,,,,,700,660,680,760,790
Burundi,70,80,80,70,60,50,50,50,70,70,70,80,100,110,120,140,150,180,220,250,240,230,220,240,250,260,250,230,220,220,210,180,160,150,140,150,150,140,130,130,130,120,120,140,150,170,190,200,220,230,250,260,260,260,270,280,280,280
Cambodia,,,,,,,,,,,,,,,,,,,,,,,,,,,,,,,,,,250,320,320,290,300,300,310,320,350,400,460,520,590,670,700,750,810,880,970,1020,1060,1140,1230,1380,1480
Cameroon,,,,,,110,130,160,170,170,190,210,280,350,340,340,520,630,630,840,850,780,780,800,930,1040,1130,1070,940,890,890,930,890,840,740,720,710,710,670,640,630,730,910,1010,1060,1110,1240,1320,1330,1350,1370,1430,1490,1440,1380,1340,1440,1500
Canada,,,,,,,,,4020,4360,5010,6050,7180,8010,8770,9120,9750,10600,11600,12400,11900,12200,13200,13900,14600,16300,18600,19900,20600,21000,21400,21300,20900,20900,20800,21300,20800,21200,22600,23000,23600,25900,29900,34800,38500,43100,45600,43200,44500,47200,51000,52800,52200,47600,43900,43000,45000,46400
Cape Verde,,,,,,,,,,,,,,,,,,,,,510,470,450,450,510,650,840,900,900,910,1040,1190,1300,1410,1350,1350,1330,1370,1410,1350,1300,1520,1900,2160,2300,2820,3300,3480,3400,3510,3440,3490,3360,3210,3130,3080,3400,3630
Central African Republic,80,80,80,90,90,100,100,110,110,110,120,140,170,190,210,240,280,310,360,350,340,270,270,290,340,420,490,490,480,480,470,450,370,350,300,300,280,280,260,260,250,260,300,340,350,380,420,480,510,530,570,380,390,400,410,440,490,520
Chad,110,110,110,120,120,130,130,140,140,140,150,160,190,230,220,230,240,220,240,230,210,190,180,210,210,210,270,270,270,290,330,240,220,210,200,210,220,200,180,190,190,210,330,470,530,630,700,830,910,880,960,970,980,880,730,640,680,700
Chile,580,630,670,670,750,760,780,830,880,1060,1150,1360,1650,1150,1010,1060,1360,1790,2300,2780,2280,1820,1590,1430,1470,1660,1930,2200,2350,2600,3120,3440,3730,4420,5070,5590,5490,5120,5060,4800,4540,4510,5190,6210,7340,8690,10100,9950,10800,12300,14400,15200,14900,14100,13400,13300,14600,15000
China,70,80,90,100,110,100,90,110,120,130,130,160,180,200,190,190,200,210,220,220,220,220,250,290,310,320,330,320,330,350,390,420,470,540,650,750,800,860,940,1010,1110,1280,1510,1760,2060,2510,3100,3680,4340,5050,5930,6770,7510,7940,8270,8740,9620,10400
Colombia,280,280,310,310,320,300,300,320,330,360,390,460,550,590,620,690,850,1060,1250,1350,1330,1280,1280,1210,1220,1240,1300,1250,1330,1380,1560,1740,2050,2350,2540,2660,2570,2330,2340,2330,2370,2370,2620,3000,3500,4130,4710,5130,5620,6310,7290,7950,8190,7330,6460,5930,6260,6510
Comoros,,,,,,,,,,,,,,,,,,,,,660,590,550,550,620,780,960,930,980,950,1100,1080,870,850,780,790,730,700,730,700,680,780,940,1090,1130,1160,1290,1370,1380,1400,1420,1490,1490,1380,1320,1280,1380,1420
"Congo, Dem. Rep.",,,,,,,,,,,,,,,,,,,,,,,,,,,,,,,,,160,150,130,120,120,110,130,140,190,170,190,200,230,260,290,300,320,340,380,410,440,460,470,460,500,520
"Congo, Rep.",150,150,160,170,180,190,200,220,220,230,270,340,420,500,480,450,490,610,830,1090,1220,1080,1060,990,980,1050,930,940,930,960,1060,800,680,430,470,590,580,490,560,630,670,690,770,950,1180,1350,1790,1880,2120,2120,2390,2490,2590,2420,1820,1510,1680,1750
Costa Rica,360,350,350,370,390,410,440,470,520,570,630,760,880,970,1050,1250,1480,1740,1950,1420,1020,940,1110,1240,1440,1600,1650,1660,1750,1950,2340,2720,2960,3170,3220,3330,3380,3440,3550,3660,3750,4010,4360,4620,5030,5640,6370,6490,7180,8000,9150,9740,10100,10400,10800,11200,11600,11700
Cote d'Ivoire,160,180,220,210,230,240,270,280,300,300,320,380,480,600,680,780,950,1130,1160,1130,960,720,660,640,730,810,910,830,780,760,780,750,680,700,720,760,760,730,640,590,560,620,770,930,930,960,1070,1160,1190,1120,1230,1330,1450,1660,1840,2030,2180,2290
Croatia,,,,,,,,,,,,,,,,,,,,,,,,,,,,,,,,,,,,5520,5410,5170,5220,5320,5610,6670,8520,10200,11300,12700,14300,14100,14100,14000,13400,13600,13300,13000,12400,12600,14000,14900
Cuba,,,,,,,,,,,850,1040,1240,1500,1550,1600,1790,1990,2140,2430,2340,2180,2310,2310,2390,2490,2780,2750,2650,2340,2130,1870,2140,2550,2710,2500,2240,2400,2620,2760,2820,3100,3490,3960,4530,5000,5460,5520,5610,5930,6280,6640,6840,7230,7480,,,
Cyprus,,,,,,,,,,,,,,,,1520,1800,2400,3390,4050,4490,4220,4360,4480,5020,6300,7910,8570,9300,9460,11000,11000,11700,12800,13900,14300,15500,14300,14200,14200,14500,16700,20300,24000,25600,27300,32000,32800,32000,32600,29700,27800,26500,26000,24700,24600,26600,27700
Czech Republic,,,,,,,,,,,,,,,,,,,,,,,,,,,,,,,3340,3480,4140,5110,5950,6130,6080,6090,6330,6330,6630,8080,10200,12400,14000,15800,18300,18700,19300,19400,19400,19300,18800,18300,17600,18000,20200,22000
Denmark,,,,,,,2870,3140,3310,3670,4310,5580,6800,8080,8960,9780,11200,13600,15100,14200,12900,11700,11500,11800,14100,17800,22100,23100,24400,25500,28700,28600,30400,32600,34800,35200,33500,33100,32600,31400,30900,34800,42600,49600,53500,55700,60400,60100,61200,62000,61700,63200,63700,60500,58000,56200,60900,63200
Djibouti,,,,,,,,,,,,,,,,,,,,,,,,,,,,,,,,,,,,,,,,,,,,,,,,,,,,,,2730,2870,2990,3260,3540
Dominica,,,,,,,,,,,,,,,,,,710,960,1160,1210,1220,1330,1480,1790,2170,2560,2600,2810,2960,3200,3410,3490,3720,3890,4010,4200,4200,4220,4470,4270,4680,4950,5050,5490,5760,6340,6520,6730,6920,6730,6780,7020,6870,7340,7060,7710,8090
Dominican Republic,220,240,260,230,250,250,250,280,340,370,430,520,610,710,780,830,900,1030,1140,1210,1240,1240,1300,1100,1030,940,920,910,870,1040,1340,1610,1740,1960,2170,2360,2450,2540,2680,2740,2900,2660,2590,3080,3680,4450,4770,4920,5330,5540,5790,6030,6330,6580,6860,7090,7760,8090
Ecuador,380,350,380,430,450,460,470,500,520,510,510,600,830,1090,1280,1360,1550,1820,2110,2460,2390,2110,1890,1820,1770,1640,1510,1360,1370,1480,1600,1670,1820,1970,2080,2180,2160,1780,1550,1550,1730,2110,2550,2880,3100,3310,3860,4060,4390,4870,5390,5810,6110,5970,5810,5860,6090,6080
Egypt,,,,,,170,180,190,220,240,260,290,300,330,350,370,390,420,490,520,550,560,640,680,740,870,840,780,760,750,750,760,820,920,1020,1130,1210,1310,1420,1430,1360,1290,1230,1230,1320,1530,1840,2120,2370,2590,2830,3040,3230,3360,3460,3040,2800,2690
El Salvador,,,,,,300,300,300,310,320,350,380,440,480,530,610,710,780,760,730,680,670,690,720,760,820,860,860,900,930,1060,1170,1290,1480,1590,1690,1750,1810,1900,1950,2000,2130,2270,2420,2570,2680,2870,2820,2880,3060,3210,3350,3400,3440,3510,3600,3820,4000
Equatorial Guinea,,,,,,,,,,,,,,,,,,,,,130,130,130,150,170,210,250,230,260,270,380,370,270,250,360,870,700,820,770,900,1270,1190,1720,3890,8110,11600,14300,12500,9970,11500,13900,14000,13200,10900,8270,6510,6650,6460
Eritrea,,,,,,,,,,,,,,,,,,,,,,,,,,,,,,,,,270,270,300,320,330,310,300,310,300,300,340,390,410,420,410,480,510,600,,,,,,,,
Estonia,,,,,,,,,,,,,,,,,,,,,,,,,,,,,,,,,,,,,,,4160,4310,4620,5730,7500,9730,11500,13400,15200,14600,14700,16000,16900,18300,19000,18700,18300,18800,21400,23200
Eswatini,,,,,,,,,,,300,370,470,,,,,,,,,,,,,,,,1290,1350,1570,1580,1570,1820,1930,1960,1740,1730,1670,1700,1570,1700,2160,3080,3300,3480,3360,3320,3460,4080,4590,4660,4320,4000,3470,3440,3600,3590
Ethiopia,,,,,,,,,,,,,,,,,,,,,,210,200,190,230,280,270,260,260,250,220,210,160,150,150,140,130,120,130,130,120,110,140,160,180,220,280,340,380,390,410,470,550,600,670,740,800,850
Fiji,280,290,300,290,300,340,350,350,400,440,530,720,930,1120,1220,1300,1360,1660,1870,2040,1800,1580,1660,1580,1790,1770,1790,1790,1790,1790,1990,2090,2230,2460,2660,2580,2300,2360,2240,2140,2170,2420,3040,3590,3620,3820,4010,3860,3650,3780,4140,4710,5020,5200,5360,5480,5860,5860
Finland,1370,1470,1620,1810,1970,2060,2090,2270,2460,2690,3170,4030,5130,6320,6840,7190,7910,9540,11500,12000,11700,10800,10800,11100,13000,16500,21500,24100,26000,25100,24200,20700,20200,22000,25000,26700,25800,26000,26500,25800,25600,28700,35300,40200,42800,46200,50100,48800,49600,50200,48900,49500,49400,47200,45500,44700,48300,49600
France,1550,1700,1870,2030,2200,2360,2560,2820,3020,3250,3670,4690,5790,6720,7140,7810,8830,10800,13100,13200,12000,10500,9820,9770,11300,14500,18500,19500,20600,21400,23800,23600,24400,25700,27100,26900,25800,25400,25000,23800,23100,25900,31400,35900,37900,40100,43500,43900,43900,44400,43400,43800,43300,41100,39100,38300,41100,42400
Gabon,330,410,340,360,420,440,460,530,570,610,690,910,1700,2870,4450,4010,3090,3520,4590,5290,4840,4260,4310,3860,3840,3430,4150,4580,4820,5170,5120,4430,4130,3910,4100,4270,3940,3280,3090,3420,3600,3870,4300,5510,5740,6580,7310,7570,7830,8110,9090,9330,9330,7970,7080,6510,6830,7210
Gambia,,,,,,,110,110,110,110,120,150,180,230,230,240,260,310,380,390,340,300,290,300,300,320,300,300,310,400,520,710,690,690,700,690,660,640,620,560,440,390,470,520,640,700,810,880,890,760,760,730,650,620,620,650,710,740
Georgia,,,,,,,,,,,,,,,,,,,,,,,,,,,,,,,750,540,510,550,670,820,870,840,790,780,840,990,1210,1520,1910,2380,2820,2950,3210,3520,4150,4530,4740,4410,4080,4040,4460,4740
Germany,,,,,,,,,,,3600,4670,5800,6720,7130,7670,8870,11100,13000,12500,11100,10000,9880,9840,11200,14200,18600,19800,21300,22900,25800,26000,27500,29500,30900,30100,28000,26800,26200,24700,23600,26100,31600,35700,38200,40400,43600,43500,44600,47200,46500,47200,47600,45900,44300,43700,47200,48500
Ghana,190,200,210,230,250,240,220,220,250,270,260,280,320,300,290,300,350,380,420,410,360,320,340,350,390,420,440,400,400,410,430,420,370,370,380,390,390,390,340,300,270,320,380,460,590,790,1140,1190,1230,1380,1530,1850,1900,1940,1820,1890,2130,2220
Greece,620,700,790,900,1000,1090,1200,1370,1540,1720,2000,2490,2850,3480,3750,3940,4600,5650,6500,6370,5910,5280,5140,5010,5360,6130,7590,8310,8970,9850,11200,11100,11600,12400,13400,14100,13800,13400,13300,13100,13200,15700,19600,22800,24600,26400,28700,29300,27700,24900,23500,22500,22200,20300,18900,18400,19600,20300
Grenada,,,,,,,,,,,,,,,,,,1150,1300,1310,1300,1280,1340,1500,1790,2200,2490,2670,2840,3040,3140,3120,3210,3310,3500,3660,3990,4310,4610,4510,4650,5290,5350,6650,6430,6830,7260,6720,6940,7060,7030,7350,7520,7780,8350,8890,9580,9980
Guatemala,260,280,280,290,290,290,310,330,350,360,390,450,540,610,690,800,920,1080,1210,1240,1170,1110,1130,1160,1070,1020,980,980,930,970,1030,1140,1230,1360,1440,1530,1610,1650,1670,1610,1620,1700,1880,2030,2190,2410,2640,2680,2780,2940,3200,3410,3570,3700,3870,4090,4390,4610
Guinea,,,,,,,,,,,,,,,,,,,,,,,,,,,400,390,410,420,460,490,500,500,510,510,470,450,400,360,350,340,370,360,400,470,620,670,690,680,700,700,740,760,780,830,850,950
Guinea-Bissau,,,,,,,,,,,120,130,150,170,150,140,160,180,150,190,200,190,190,200,160,170,180,210,220,240,240,230,220,220,240,240,160,160,210,250,300,330,380,430,440,470,510,560,580,640,630,640,640,640,650,680,750,820
Guyana,280,250,280,310,320,340,330,350,360,380,390,430,540,680,660,610,620,670,760,740,590,510,470,500,520,460,470,360,400,330,390,460,570,670,830,890,880,860,890,880,890,940,1030,1090,1420,1860,2450,2720,2900,3220,3610,3880,4110,4130,4210,4340,4770,5180
Haiti,,,,,,,,,,,,,,,,,,,250,250,250,240,260,280,320,340,380,370,420,450,390,310,260,310,360,390,400,450,470,450,410,380,380,410,480,550,620,680,660,710,760,810,830,820,780,760,800,790
Honduras,180,180,190,210,220,230,250,250,260,270,280,320,360,380,410,460,610,830,1090,1090,1020,1000,1080,1160,1260,1410,1410,1270,1110,940,930,950,880,900,870,910,910,930,1020,1040,1060,1120,1200,1280,1350,1480,1600,1630,1720,1870,1970,2000,2000,2060,2120,2250,2320,2390
Hungary,,,,,,,,,,,,,,,,,,,,,,,,,,,,,,,,3660,4030,4250,4370,4400,4410,4490,4620,4790,5290,6650,8640,10400,11300,11800,13200,13400,13200,13200,13000,13500,13500,13200,13100,13100,14800,16100
Iceland,1540,1740,2050,2440,2980,3110,2790,2490,2610,3050,3740,4960,6690,7490,7970,9010,10900,13200,15400,16200,15100,12600,11900,11900,14300,19100,23500,24200,24800,25300,26500,26100,25700,25500,27300,28500,29300,30400,31600,30700,30900,33700,42000,50700,53600,61900,50100,41900,36300,37600,40700,47000,48200,50200,55200,60500,67900,72900
India,90,100,110,110,110,110,100,110,120,120,120,140,170,190,180,190,210,220,270,290,290,280,280,290,310,350,390,390,380,350,340,320,340,370,400,410,410,440,440,450,460,520,610,710,790,910,1000,1120,1220,1360,1480,1520,1560,1600,1680,1830,2010,2130
Indonesia,,,,,,,,70,80,80,90,110,160,220,270,300,360,400,470,530,560,530,520,500,520,510,510,530,560,610,660,740,850,990,1090,1100,660,570,580,720,790,900,1080,1220,1380,1600,1940,2150,2530,3010,3580,3730,3620,3430,3400,3530,3850,4050
Iran,,,,,,,,,,,,,,,,,1980,2310,2100,2400,3190,3300,3110,3490,3690,3570,3030,2590,2550,,,,,1310,1580,1780,1800,1720,1760,1790,1880,2200,2520,2960,3480,4270,4970,5560,6250,6870,7130,6990,6500,5370,5500,5420,,
Iraq,,,,,,,,,,,,,,,,,,,3930,3460,3050,2360,2540,2750,3050,3530,3720,3720,7050,,,,,,,,,,,,,,,,1900,2430,3540,4160,4580,4960,6310,7050,6830,5930,5620,4880,5060,5740
Ireland,,,,,,,,,,,2070,2540,2990,3390,3280,3580,4120,5120,6380,6780,6390,5720,5610,5630,6370,8220,10400,11100,12600,13100,14400,14600,15500,16900,18900,20700,21400,22700,24100,24000,24800,29900,37700,44500,47900,50500,50900,46800,44900,41900,40600,43500,46300,50400,52500,53500,59600,62200
Israel,1320,1330,1310,1440,1470,1480,1730,1910,2030,2290,2760,3170,4250,4860,4740,4610,4810,5610,6070,6720,6590,6600,6520,6500,7080,8480,10400,10900,12100,12900,14400,14800,15700,17000,18300,18900,18700,18400,19100,19200,18600,18600,19900,21400,22300,24000,26100,27300,29700,31500,32200,34300,36000,36000,36400,37400,40900,43300
Italy,960,1060,1160,1280,1410,1550,1700,1850,2060,2250,2620,3250,3930,4320,4510,4730,5270,6740,8430,8710,8220,7630,7760,8030,9380,12200,16000,17300,18700,20400,23000,21600,20900,20700,21800,22300,22200,22000,21900,21200,20700,23400,28300,32400,34300,35900,37900,37900,37900,37900,36200,35600,34900,33000,32000,31400,33800,34500
Jamaica,,,,,,,620,650,720,760,980,1020,1180,1370,1370,1450,1430,1300,1210,1290,1340,1330,1130,930,950,1170,1480,1690,1770,1740,1600,1830,1870,2280,2510,2750,2880,3110,3230,3230,3250,3430,3640,3780,4070,4310,4560,4320,4380,4590,4980,5010,4920,4710,4600,4740,4970,5250
Japan,610,690,800,890,1030,1200,1430,1660,1830,2120,2720,3640,4430,5150,5410,5950,7450,9450,10900,11100,10600,10300,10500,11500,13900,18200,24900,27000,27800,28600,30600,33400,37000,42100,43200,40000,34500,33800,36200,36800,34800,35100,38400,40600,39900,38700,38900,38800,43400,46900,49500,48300,44000,38800,37900,38500,41200,41700
Jordan,,,,,,,,,,,,,,,,950,1200,1470,1830,1940,1910,1800,1800,1760,1930,2120,2120,1520,1270,1090,1280,1310,1360,1440,1450,1470,1500,1560,1700,1760,1800,1930,2180,2350,2530,2770,3120,3380,3480,3570,3690,3800,3870,3900,3930,4020,4200,4300
Kazakhstan,,,,,,,,,,,,,,,,,,,,,,,,,,,,,,,,1430,1310,1280,1340,1390,1390,1290,1270,1360,1530,1810,2300,2930,3860,4980,6150,6790,7440,8280,9940,11800,12100,11400,8770,8040,8070,8810
Kenya,100,100,110,100,120,120,130,140,130,160,190,200,230,250,250,280,320,390,450,450,390,340,310,310,340,370,410,400,370,350,330,270,260,270,340,390,430,430,410,400,380,400,450,510,580,700,820,900,960,990,1050,1130,1240,1290,1350,1420,1600,1750
Kiribati,,,,,,,,,,,,,,,,,870,860,690,660,790,780,590,540,520,550,640,670,720,960,1030,1020,1050,1150,1090,1340,1470,1300,1330,1340,1250,1310,1480,1700,1710,1820,1930,1900,2050,2090,2620,2980,3220,3470,2920,3020,3080,3350
Kuwait,,,,,,,,,,,,,,,,,,,,,,,,,,,,,,,,,,20500,20900,21500,19700,16900,18000,18700,18900,22600,28100,34600,41500,47600,51700,45300,42200,43800,50700,53100,50800,42500,36900,31700,34300,
Kyrgyz Republic,,,,,,,,,,,,,,,,,,,,,,,,,,,,,,,520,450,370,360,390,390,360,300,280,280,290,340,400,450,500,610,760,860,850,880,1040,1190,1250,1180,1110,1110,1220,1240
Lao,,,,,,,,,,,,,,,,,,,,,,,,,550,430,250,210,190,210,250,280,310,350,380,370,310,290,280,310,320,340,390,460,510,620,750,890,1000,1140,1370,1610,1820,1970,2120,2240,2450,2570
Latvia,,,,,,,,,,,,,,,,,,,,,,,,,,,,,,,,,,,,2710,2860,2980,3310,3590,3920,4660,5810,7350,8880,11200,13400,14000,12600,13200,13900,14900,15300,15000,14600,14700,16500,17700
Lebanon,,,,,,,,,,,,,,,,,,,,,,,,,,,,,1310,1700,1920,2220,2610,3160,3720,4000,4250,4490,4600,4460,4200,3790,4730,4890,4860,5410,6060,6870,7470,7560,7560,7640,7550,7280,7230,7470,7720,7600
Lesotho,,,,,80,80,80,80,90,90,100,150,220,230,280,310,340,400,440,510,610,540,490,410,390,420,500,520,550,580,650,660,680,690,700,690,620,610,580,640,590,670,810,1020,1130,1300,1310,1230,1300,1440,1610,1560,1450,1340,1300,1240,1280,1360
Liberia,,,,,,,,,,,,,,,,,,,,,,,,,,,,,,,,,,,,,,,,,250,180,210,250,290,330,390,430,460,520,560,630,630,630,620,620,610,580
Libya,,,,,,,,,,,,,,,,,,,,,,,,,,,,,,,,,,,,,,,,,5170,5160,5140,6860,8600,10400,12200,12100,12400,4690,11600,10800,7610,5690,4550,5410,6800,7640
Liechtenstein,,,,,,,,,,,5120,6500,8210,10200,11200,12400,14800,18500,22600,22600,20300,18800,19000,19700,22900,31200,41500,43600,45500,47600,54400,56700,62000,70100,78600,80200,77600,78700,78900,68200,65100,68500,78700,92700,104000,112000,122000,116000,,,,,,,,,,
Lithuania,,,,,,,,,,,,,,,,,,,,,,,,,,,,,,,,,,,,2600,2860,2980,3210,3460,3830,4700,6040,7600,8820,10600,12700,12400,12600,13300,14100,15300,16000,15200,14900,15300,17400,19000
Luxembourg,1630,1680,1870,1920,2020,2070,2240,2560,3030,3350,4070,5230,6890,7930,8510,9080,10700,12900,15500,15500,14900,13500,13100,13100,15600,20100,26000,28700,31500,35400,39200,40300,41600,46000,48600,50700,47100,46500,46500,45600,42600,46000,62800,73800,71600,86200,88000,71200,78200,76300,75500,75500,76500,72500,68700,66400,70900,73900
Madagascar,130,130,140,140,150,160,170,170,180,180,190,210,260,310,300,310,310,390,500,510,520,480,430,400,400,370,340,300,310,280,290,290,290,280,300,300,300,280,290,300,280,340,340,340,330,380,450,470,470,480,500,520,520,490,470,470,510,520
Malawi,50,50,50,50,60,60,60,60,60,70,80,90,110,130,130,130,150,170,190,190,180,170,170,160,150,150,160,160,180,210,200,220,160,160,170,200,200,180,160,140,170,220,300,300,310,330,370,410,450,490,460,410,370,350,340,340,350,380
Malaysia,240,250,270,300,320,330,340,350,370,390,440,570,750,860,920,970,1130,1450,1790,1930,1860,1810,1950,1920,1860,1960,2140,2260,2400,2560,2880,3230,3600,4050,4500,4620,3640,3380,3460,3550,3790,4160,4740,5270,5840,6630,7510,7600,8260,9050,10200,10800,11100,10700,10200,9940,10600,11200
Maldives,,,,,,,,,,,,,,,,,,,,,,,,,,,,,,,,,,,,1760,1860,1980,2070,2240,2620,3400,3770,3460,4540,4480,5410,5460,5960,6600,6630,6800,7320,7650,8070,8570,9140,9650
Mali,,,,,,,,60,60,70,80,90,100,120,140,160,170,220,250,240,200,170,160,180,200,240,290,290,290,320,330,320,280,270,270,280,280,290,280,300,290,350,400,460,500,530,610,660,690,730,730,780,810,800,780,770,840,880
Malta,,,,,,,,,,,1090,1260,1560,1990,2120,2320,2660,3300,4280,4670,4550,3940,3830,3690,4000,4930,6260,6910,7600,7940,8720,8570,8600,8990,9490,9890,9810,10500,11400,11400,11300,12100,14100,15600,16300,17700,20000,19500,20500,21400,21700,22700,24300,24700,23600,23600,26400,27300
Marshall Islands,,,,,,,,,,,,,,,,,,,,,,,,,,,,,,,,,,3070,2690,2590,2690,2830,2960,3110,3100,3130,3300,3460,3380,3510,3390,3480,3600,3600,3510,3900,4070,4310,4280,4460,4860,
Mauritania,,180,230,260,260,270,290,280,290,280,290,340,480,510,540,550,570,640,710,720,670,640,610,580,610,670,740,760,730,810,920,970,870,900,970,870,830,820,730,650,650,710,800,940,1150,1230,1380,1440,1500,1600,1760,1850,1750,1640,1510,1500,1580,1660
Mauritius,,,,,,,,,,,,,,,,,1010,1220,1240,1280,1190,1070,1030,1060,1250,1620,2060,2220,2430,2620,2990,3120,3230,3470,3780,3900,3780,3660,3900,3970,3960,4410,5170,5600,5930,6490,7400,7800,8080,8400,9550,10500,10800,10700,10600,11000,12000,12700
Mexico,360,390,440,480,510,560,610,640,680,730,820,990,1210,1460,1540,1480,1590,1890,2560,3270,3000,2400,2200,2270,2080,2040,2090,2370,2790,3250,3770,4490,5310,4790,4620,4660,5000,5510,6210,6740,7100,7360,7820,8050,8690,9250,9780,8820,9040,9310,10100,10300,10500,10200,9400,8930,9180,9430
"Micronesia, Fed. Sts.",,,,,,,,,,,,,,,,,,,,,,,,,,,,,,,,2120,2130,2200,2140,1930,1950,2050,2210,2260,2270,2380,2440,2560,2560,2570,2590,2820,2900,3070,3150,3180,3150,3490,3410,3450,3400,
Moldova,,,,,,,,,,,,,,,,,,,,,,,,,,,,,,,,,,,,620,580,510,470,500,580,710,910,1120,1280,1440,1870,1960,2380,2730,3140,3620,3740,3300,3180,3330,3930,
Mongolia,,,,,,,,,,,,,,,,,,,,,,1440,1320,1230,1350,1520,1690,1590,1430,1200,810,510,430,460,550,580,520,480,470,480,530,610,760,900,1120,1410,1800,1790,2000,2590,3650,4330,4210,3820,3500,3230,3630,3780
Montenegro,,,,,,,,,,,,,,,,,,,,,,,,,,,,,,,,,,,,,,,,,1970,2440,3100,3660,4320,5120,6470,6740,6930,7250,7000,7330,7320,7260,7090,7410,8440,9010
Morocco,,,,,,,220,240,250,270,290,350,440,540,580,600,650,780,980,960,940,790,730,680,770,860,1080,1110,1160,1240,1270,1230,1350,1300,1510,1460,1460,1410,1390,1400,1370,1540,1830,2070,2240,2380,2700,2880,2930,3000,2980,3090,3060,3020,2880,2880,3090,3190
Mozambique,,,,,,,,,,,,,,,,,,,,,,,,,,,,,,,,210,190,190,220,260,310,340,320,310,280,320,350,390,420,450,500,540,520,550,600,670,690,640,530,470,460,480
Myanmar,,,,,,,,,,,,,,,,,,,,,,,,,,,,,,,,,,,,,,,,,170,180,220,270,290,350,470,640,850,1010,1130,1220,1230,1260,1280,1290,1370,1390
Namibia,,,,,,,,,,,,,,,,,,,,,1980,1840,1670,1320,1340,1600,1690,1850,1990,2150,2300,2210,2270,2460,2510,2510,2370,2240,2260,2100,2010,2290,2890,3530,4040,4210,4310,4260,4510,5150,5680,5910,5760,5290,4700,4610,4900,5060
Nauru,,,,,,,,,,,,,,,,,,,,,,,,,,,,,,,,,,,,,,,,,,,,,,,,,,,8750,12300,13000,11400,10200,10200,12000,14200
Nepal,50,50,50,50,70,80,70,70,70,70,80,80,100,110,120,120,120,130,140,160,150,140,160,160,170,180,200,210,210,210,200,190,200,200,210,220,210,220,230,240,240,260,280,310,340,370,430,480,540,610,700,750,770,780,770,860,970,1090
Netherlands,1220,1310,1460,1700,1840,2000,2230,2550,2890,3290,3850,5070,6370,7630,8350,9100,10500,12800,14800,14000,12400,11100,10700,10300,11700,14700,18600,19500,20300,21300,23500,24000,25400,27700,29800,29800,28300,28700,28800,27400,27000,31000,37300,42100,45900,49100,52700,53700,53900,54500,52900,53000,52000,49800,46900,47100,51300,53200
New Zealand,,,,,,,,,,,3000,3990,4930,4970,4650,4550,5230,6530,7670,8240,7860,7370,7010,6950,7860,10000,12600,13600,13600,12200,12100,12400,13400,15300,16700,17200,15800,15000,14100,13800,14200,17000,21500,25400,26400,28200,28700,29700,29700,32300,36700,39900,41600,40600,39400,38200,41100,42700
Nicaragua,140,150,160,200,230,290,290,310,310,320,330,380,510,570,600,680,650,500,600,660,680,680,700,690,750,860,680,360,310,220,240,290,450,610,880,880,880,930,960,970,960,1000,1080,1160,1200,1290,1390,1380,1460,1570,1690,1780,1850,1910,2000,2080,2020,1910
Niger,150,160,160,170,170,170,160,150,150,160,150,160,210,230,220,230,280,350,410,400,350,290,210,220,250,270,330,320,330,360,420,340,270,240,230,230,240,230,210,210,210,230,270,310,340,360,420,450,480,480,520,540,550,520,500,490,540,560
Nigeria,100,110,110,110,110,100,100,120,170,180,200,220,340,400,510,560,560,640,760,970,1260,1450,1130,970,790,710,680,550,560,510,510,360,310,310,390,440,440,460,470,530,630,710,870,1030,1350,1610,1960,2040,2140,2190,2460,2720,2990,2880,2470,2100,1970,2030
North Macedonia,,,,,,,,,,,,,,,,,,,,,,,,,,,,,,,1750,1460,1400,1790,2190,2210,2010,1910,1910,1820,1820,2090,2560,2990,3310,3580,4330,4610,4700,4810,4740,5000,5200,5110,4980,4920,5470,5910
Norway,1610,1710,1860,2050,2240,2470,2630,2850,3120,3570,4230,5320,6750,8380,9150,9960,11100,13100,15700,16400,15800,14900,15200,15700,17600,20800,24000,25100,26500,27800,30800,30200,30900,32700,35800,37900,36100,35600,36600,38300,39900,44800,54100,63800,70000,78500,87500,87900,88600,90400,99200,104000,105000,93100,81800,76200,80600,82500
Oman,,,,,,160,230,280,320,330,360,310,700,1510,2770,2720,2650,3070,3960,5480,6210,6160,6320,6560,5930,5390,5210,5660,5710,6040,6510,6280,6160,6270,6470,6810,6490,6380,7070,7920,7960,8250,9380,10600,11500,14500,17400,17700,18500,16800,19200,20300,19200,17800,15800,14000,14200,15300
Pakistan,90,100,100,110,120,130,150,160,180,180,180,150,150,160,190,210,260,300,350,390,400,390,380,380,390,400,430,420,420,420,440,450,450,490,500,490,460,450,490,520,550,600,680,770,830,890,970,1010,1030,1090,1200,1290,1320,1360,1420,1500,1590,1530
Palau,,,,,,,,,,,,,,,,,,,,,,,,,,,,,,,,,,,,,,,,,9180,8820,9420,10600,10800,11700,11600,11200,11400,12100,12600,12800,14000,16200,16900,16400,17300,
Palestine,,,,,,,,,,,,,,,,,,,,,,,,,,,,,,,,,,,1470,1630,1780,1800,1550,1370,1190,1370,1510,1660,1570,1700,1900,2080,2330,2720,3020,3190,3270,3380,3460,3520,3710,
Panama,490,530,550,590,630,670,710,770,810,890,960,1090,1220,1370,1350,1360,1570,1760,2200,2410,2590,2530,2530,2820,2860,3280,2740,2570,2660,2730,3020,3260,3440,3470,3560,3600,3690,3760,3910,3840,3970,4110,4510,4790,5100,5770,6540,6900,7260,8550,9540,10600,11200,12200,12800,13800,14400,15000
Papua New Guinea,110,120,120,140,150,160,180,200,220,240,270,350,440,490,470,470,570,640,710,720,650,610,600,610,640,690,790,800,740,790,840,980,1030,950,930,850,720,630,570,510,480,470,540,650,790,1070,1400,1510,1740,1820,2270,2500,2990,2910,2700,2570,2570,2780
Paraguay,,,,,,,,,,,,,,,,,,,,,,,,,,,,,,,,,,1680,1840,1840,1730,1600,1440,1410,1330,1230,1350,1520,1840,2320,3080,3450,4070,4480,4760,5510,5780,5620,5390,5390,5620,5510
Peru,290,300,340,380,450,490,470,480,500,560,630,740,930,1080,1070,1020,870,910,1020,1170,1130,920,890,840,840,950,790,790,840,1220,1420,1550,1760,1950,2150,2280,2150,2030,1970,1900,1960,2080,2280,2540,2810,3210,3790,3970,4410,4970,5790,6420,6530,6340,6110,6060,6470,6740
Philippines,220,190,170,180,200,210,220,240,220,220,220,260,320,380,420,450,500,590,700,750,740,680,570,520,540,600,660,700,720,730,770,820,920,1020,1160,1230,1200,1180,1150,1160,1130,1170,1290,1380,1490,1720,2000,2170,2370,2520,2860,3160,3330,3380,3450,3530,3710,3850
Poland,,,,,,,,,,,,,,,,,,,,,,,,,,,,,,,2080,2480,2760,3240,3830,4230,4350,4430,4660,4700,4880,5480,6260,7350,8470,9970,12000,12500,12800,13000,13300,13500,13700,13400,12700,12700,14200,15200
Portugal,410,430,470,520,570,640,730,790,950,1070,1270,1700,2070,2210,2330,2430,2530,2870,3350,3420,3230,2830,2520,2530,3080,4160,5630,6320,7130,8180,9860,10100,10500,11200,12100,12400,12200,12300,12200,11800,11800,13300,16100,18600,19400,20900,22600,22900,23000,22700,21200,21400,21200,20400,19900,20100,22000,23100
Qatar,,,,,,,,,,,,,,,,,,,,,,,,,,,,,,,,,,,,,,,,,28400,30700,36200,38300,50800,58000,65600,61300,63600,67000,72900,78800,79900,72700,64000,58600,61200,63400
Romania,,,,,,,,,,,,,,,,,,,,,,,,,,,,,,,1250,1190,1270,1490,1640,1590,1580,1610,1710,1760,1950,2250,2960,3880,4900,6510,8800,9220,8640,8660,8780,9320,9680,9650,9650,10100,11400,12600
Russia,,,,,,,,,,,,,,,,,,,,,,,,,,,,,,3440,3090,2920,2650,2640,2600,2650,2130,1750,1710,1780,2100,2590,3410,4450,5810,7560,9580,9230,9980,11100,13500,15200,14600,11800,9730,9210,10300,11300
Rwanda,40,40,40,40,40,50,50,50,60,60,60,70,80,100,130,160,180,230,270,280,270,260,250,260,290,320,350,350,350,320,340,310,150,210,220,260,260,260,240,220,220,210,240,280,330,390,490,560,610,660,710,730,740,750,750,740,780,820
Samoa,,,,,,,,,,,,,,,,,,,,,,,510,480,500,530,550,580,570,540,,,,,,,,,,,1520,1660,1990,2320,2560,2850,3060,3030,3230,3520,3660,3800,3820,3960,4110,4060,4020,4180
Sao Tome and Principe,,,,,,,,,,,,,,,,,,,,,,,,,,,,,,,,,,,,,,,,,,600,700,820,940,960,1020,1060,1130,1190,1240,1440,1640,1660,1700,1700,1890,1960
Saudi Arabia,,,,,,,,,930,1000,1150,1600,3160,4500,8020,8770,8890,11200,14300,16500,14000,11300,10100,9010,9140,7700,7630,7080,7390,8310,8500,8050,7720,7810,8030,8230,8010,7650,8150,8520,8370,9480,11000,12700,14200,15800,18500,17900,18800,20900,24000,25400,25600,23700,21600,20000,21600,22900
Senegal,,,,,,,340,310,320,320,350,370,450,560,600,590,580,720,800,810,750,590,550,550,630,810,930,930,900,910,960,910,750,720,680,690,680,670,650,630,600,710,870,1000,1040,1120,1270,1340,1340,1310,1330,1360,1380,1320,1270,1280,1400,1450
Serbia,,,,,,,,,,,,,,,,,,,,,,,,,,,,,,,,,,,,2990,2980,2600,1610,1540,1520,2390,3250,3830,4200,4890,6040,6450,6220,6300,6090,6460,6240,5960,5690,5550,6400,7020
Seychelles,290,310,330,320,360,350,350,330,350,410,480,630,770,870,910,870,1170,1760,2110,2300,2290,2190,2220,2490,2740,3200,3970,4540,5030,5200,6000,6390,6530,6460,6740,7330,7320,7290,7290,7310,6850,7490,9280,11100,12600,12300,11200,10200,10200,10600,11500,12700,13400,14000,13800,14300,15700,16900
Sierra Leone,,,150,160,150,140,140,150,160,160,170,190,220,250,220,210,240,310,370,360,350,300,290,240,170,180,170,210,190,170,130,160,160,180,210,200,170,150,140,150,200,270,280,290,300,360,420,440,420,430,530,660,700,550,490,520,490,500
Singapore,490,530,510,540,590,660,750,850,970,1090,1280,1600,2090,2660,2930,3020,3370,3990,4730,5380,5680,6170,6930,7100,7330,8080,9320,10300,11500,13000,15300,17700,20800,23600,25600,27700,24000,23400,23700,22100,22000,23400,26200,28800,32600,36000,37200,37300,44900,48300,51700,54500,56400,53200,53000,54300,57900,59600
Slovak Republic,,,,,,,,,,,,,,,,,,,,,,,,,,,,,,,,,,4220,5020,5420,5430,5380,5530,5720,6020,6960,9030,11400,12900,14900,17300,17100,17400,17400,17800,18200,18300,17700,16800,16600,18300,19300
Slovenia,,,,,,,,,,,,,,,,,,,,,,,,,,,,,,,,,,8840,10200,11200,11000,11300,11300,11000,10900,12600,15600,18300,19800,21800,24600,24400,24500,24600,23300,23200,23600,22300,21800,22100,24500,25800
Solomon Islands,,,,,,,,,,,,,,,,,,,,,,,,,,,,,,,800,750,830,900,890,1440,1320,1220,1010,930,840,830,860,890,970,960,980,820,900,1080,1490,1770,1840,1870,1830,1870,2020,2050
Somalia,70,70,70,70,80,90,90,90,100,100,120,140,130,190,180,160,130,110,100,110,110,100,110,120,130,150,150,150,130,,,,,,,,,,,,,,,,,,,,,,,,,,,,,
South Africa,460,490,520,560,590,650,690,740,800,870,920,1110,1400,1610,1560,1500,1610,1940,2500,2880,2770,2520,2460,2130,1990,2210,2670,2830,2860,3000,3250,3380,3510,3640,3660,3600,3230,3130,3070,2860,2670,2920,3720,4990,5630,5910,5980,5850,6190,6990,7570,7350,6760,6050,5470,5410,5750,6040
South Korea,120,120,130,130,140,150,190,240,280,310,340,430,550,660,810,970,1280,1680,1870,2030,2050,2170,2340,2480,2850,3530,4520,5380,6450,7570,8310,9010,10100,11800,13300,13600,10300,10400,11000,12000,12900,13800,16200,18500,20800,23400,23900,22000,22300,23600,25700,27000,28200,28700,29300,30300,32600,33700
South Sudan,,,,,,,,,,,,,,,,,,,,,,,,,,,,,,,,,,,,,,,,,,,,,,,,,,810,850,1160,1250,1090,,,,
Spain,500,570,640,730,840,930,1010,1110,1170,1310,1590,2090,2730,3240,3430,3640,4040,5010,6210,6310,5680,4860,4580,4550,5400,7110,9410,10700,12200,13700,15600,15000,14500,14800,15600,15800,15400,15500,15800,15500,15600,18000,22100,25900,27800,29700,32200,32500,31900,31000,29500,29200,29100,28400,27500,27100,29300,30400
Sri Lanka,,130,130,130,150,170,160,170,170,170,180,210,250,270,260,260,240,260,280,300,310,310,330,370,410,430,460,440,460,490,550,600,640,690,740,800,820,840,870,830,840,940,1060,1210,1360,1550,1790,2010,2410,2850,3360,3490,3640,3760,3810,3870,4040,4020
St. Kitts and Nevis,,,,,,,,,,,,,,,,,,1370,1670,1850,1940,2010,2240,2510,3070,3690,4390,4660,5220,5260,5710,6190,6710,7310,7690,8080,7830,8280,9250,9700,9780,9700,10800,12200,12700,13200,14900,14600,14700,15400,15500,16600,16500,16400,17100,17200,18300,19000
St. Lucia,,,,,,,,,,,,,,,,,,,,,1530,1510,1660,1940,2500,2830,3330,3570,3730,3850,4400,4410,4510,4660,4850,4760,4930,5150,5250,4990,5010,5370,6000,6230,7260,7500,8090,8020,8170,8820,8860,8790,8840,8730,9440,10100,10600,11000
St. Vincent and the Grenadines,180,160,170,180,180,170,190,190,210,220,300,310,340,370,390,460,560,710,830,960,1030,1090,1200,1330,1450,1660,1950,2030,2110,2230,2540,2680,2640,2890,3000,3070,3190,3310,3470,3650,3950,4380,4730,4960,5470,5910,6260,6320,6090,6130,6400,6560,6390,6560,6800,6970,7340,7460
Sudan,140,140,140,140,140,140,150,160,170,180,190,220,290,380,440,480,460,490,480,500,470,430,380,390,540,790,780,720,530,450,340,310,320,400,400,380,340,330,340,350,380,430,500,600,700,910,1080,1150,1190,1350,1540,1490,1560,1690,1570,1320,840,590
Suriname,270,230,250,370,450,510,520,530,570,610,690,770,980,1320,1420,1640,1930,2170,2290,2640,2510,2320,2340,2380,2460,2520,2980,2230,1420,1140,1040,970,1100,1320,1630,1840,2050,1950,1970,1670,1930,2200,2820,3320,4040,5050,6330,6960,7620,7920,8550,8950,9260,8690,6590,5400,5210,5540
Sweden,2310,2490,2740,2960,3190,3460,3770,4100,4690,4990,5670,7050,8580,10200,10700,11300,12500,14800,17300,17500,15800,13600,13000,13100,15300,19400,24200,26100,27800,29100,31300,28200,27700,28100,30400,31400,31100,31100,31400,29600,28900,32600,39500,45500,48800,52000,55500,52500,54600,56600,58900,61600,61700,58300,54400,53000,55600,55800
Switzerland,,,,,,,,,,,5370,7040,9040,10300,10900,12000,14000,17500,21700,21300,19100,17700,18000,18100,20400,25700,33700,35300,36900,37600,40900,40800,41900,45500,48400,48000,44900,43100,43500,40900,39700,45600,53800,61600,64000,62800,63200,70400,77600,79700,84900,88700,86600,85800,82100,81100,84400,85500
Syria,250,230,250,270,250,280,300,370,360,410,500,500,710,970,1090,1050,1170,1280,1570,1760,1750,1710,1650,1700,1480,1270,1190,890,910,990,1110,1070,970,900,850,850,920,890,970,1110,1210,1240,1380,1510,1620,1820,,,,,,,,,,,,
Tajikistan,,,,,,,,,,,,,,,,,,,,,,,,,,,,,,,350,290,210,210,170,170,180,180,170,160,170,210,270,380,470,580,750,800,920,1020,1150,1330,1350,1250,1100,1010,1000,1030
Tanzania,,,,,,,,,,,,,,,,,,,,,,,,,,,,,200,190,180,170,160,170,190,220,270,330,410,410,420,430,470,500,520,540,600,670,720,770,810,890,970,980,970,970,1020,1080
Thailand,110,120,130,140,160,170,180,190,210,210,220,260,330,380,420,450,530,610,710,760,760,760,790,790,830,950,1160,1320,1490,1660,1880,2130,2400,2740,2950,2680,2080,1980,1980,1960,1990,2180,2530,2790,3100,3530,3970,4140,4580,4950,5520,5720,5760,5710,5700,5960,6600,7260
Timor-Leste,,,,,,,,,,,,,,,,,,,,,,,,,,,,,,,,,,,,,,,,,750,670,780,930,1310,1840,2970,2330,2850,3710,3630,3200,2690,2200,1750,1790,1810,1890
Togo,90,90,100,110,120,120,130,140,130,130,140,170,220,260,270,290,330,350,420,390,320,250,230,230,250,310,390,400,400,400,420,330,310,300,310,350,330,310,310,290,300,350,390,400,410,420,470,530,560,610,590,620,640,640,610,600,660,690
Tonga,,,,,,,,,,,,,,,,,,,,,,690,690,720,770,870,1070,1160,1220,1350,1450,1530,1820,2010,2280,2260,2210,2100,2050,2000,1980,2000,2190,2450,2720,2840,3220,3370,3570,3800,4310,4480,4570,4520,4300,4250,4300,
Trinidad and Tobago,640,750,800,820,760,770,790,810,830,870,1000,1200,1500,2170,2530,2810,3360,3940,5140,6060,6710,6120,6030,5900,5090,4280,3930,3630,3710,3890,4420,4080,3880,3970,4230,4500,4620,4890,5400,6070,6760,8070,9700,11200,13300,15000,17400,16200,16500,15000,16800,18800,18600,19100,16700,16000,16000,16900
Tunisia,,,,,,220,250,260,270,310,400,460,610,760,810,850,940,1130,1360,1420,1280,1180,1160,1150,1140,1270,1330,1290,1410,1460,1680,1660,1710,1790,1970,2120,2150,2260,2270,2240,2180,2460,2900,3160,3330,3530,3850,4070,4130,3990,4100,4160,4160,3960,3750,3520,3500,3360
Turkey,,,,,,470,520,560,560,530,560,640,860,1110,1310,1410,1530,1820,1860,1860,1570,1400,1310,1310,1450,1740,1860,1920,2310,2590,2940,3140,2680,2850,2920,3190,3430,3580,4300,3550,3560,3910,5220,6760,7820,8880,9780,9580,10400,11200,11900,12500,12600,12000,11200,10900,10400,9610
Turkmenistan,,,,,,,,,,,,,,,,,,,,,,,,,,,,,,,,800,680,610,610,550,560,620,600,650,750,990,1310,1590,1890,2320,3040,3550,4070,4730,5560,6510,7200,7030,6820,6380,6740,
Tuvalu,,,,,,,,,,,,,,,,,,,,,,,,,,,,,,,,,,,,,,,,2710,3310,2490,3240,3630,3780,4500,4660,4820,4400,4720,4430,5560,4670,5440,5070,4810,5430,5620
Uganda,,,,,,,,,,,,,,,,,,,,,,,180,200,250,310,400,400,320,250,190,180,180,230,280,300,290,290,270,250,250,250,280,310,350,390,440,550,670,850,820,800,820,830,790,740,750,780
Ukraine,,,,,,,,,,,,,,,,,,,,,,,,,,,,1620,1610,1520,1420,1230,1000,920,860,890,850,760,700,730,790,980,1270,1540,1950,2590,3210,2840,2980,3110,3500,3800,3560,2700,2370,2380,2800,3370
United Arab Emirates,,,,,,,,,,,,,,,,,,,,,,,,,,,,,,,,,,,,,,,31400,32000,30900,32800,36200,37500,39400,39600,39900,35000,33400,35000,39200,42800,44300,42900,40600,39300,41500,43500
United Kingdom,,,,,,,,,2490,2770,3200,3900,4360,4870,5010,5220,5930,7560,9530,10600,10600,9840,9250,9140,10200,12700,16100,17400,18500,19400,21400,21300,21900,21100,22800,25300,26800,28200,29200,29000,29300,32300,37900,42900,45200,47700,48600,44200,41700,41100,41700,42700,44300,44300,43000,41400,41700,42400
United States,3280,3410,3610,3880,4190,4370,4740,5070,5230,5620,6280,7290,7980,8510,8960,9590,10800,12200,13400,14400,14200,14600,16200,17500,19100,21400,23500,23800,24100,24300,25700,26400,27700,29000,30300,31300,32000,33700,36000,36700,37300,39800,43500,46200,47900,48500,49000,47700,49000,50600,52800,54000,55900,56700,57200,59100,63200,65800
Uruguay,580,610,660,680,720,640,610,670,820,850,870,1060,1370,1620,1490,1420,1630,2150,2870,3650,3290,2190,1740,1510,1780,2210,2600,2730,2840,3180,3830,4350,5040,5530,6160,6970,7240,7260,7060,6500,5140,4250,4130,4720,5390,6390,7710,8810,10400,12100,13400,15300,15800,15600,15000,15200,15900,16200
Uzbekistan,,,,,,,,,,,,,,,,,,,,,,,,,,,,,,,600,590,570,580,600,610,620,650,630,560,450,420,460,530,610,770,980,1150,1370,1650,2020,2270,2470,2600,2660,2350,2020,1800
Vanuatu,,,,,,,,,,,,,,,,,,,,850,800,810,860,960,980,860,990,1090,1200,1090,1120,1210,1170,1270,1280,1310,1420,1420,1430,1370,1230,1360,1590,1780,1990,2130,2540,2620,2690,2850,2930,3160,3120,2910,2850,2880,3110,3170
Venezuela,960,990,950,890,820,840,900,910,980,1010,1120,1340,1720,2140,2470,2600,2790,3180,3610,4100,4050,3780,3640,3520,3610,3350,3400,2560,2670,2690,2870,2850,2740,3040,3100,3470,3420,3570,4120,4600,3990,3490,4110,4980,6130,7630,9400,10400,11800,12000,12700,12000,13100,,,,,
Vietnam,,,,,,,,,,,,,,,,,,,,,,,,,,,,210,130,110,130,160,190,250,300,330,340,360,410,430,450,500,580,630,720,840,980,1010,1250,1370,1540,1720,1880,1970,2080,2120,2360,2540
Yemen,,,,,,,,,,,,,,,,,,,,,,,,,,,,,,,510,460,380,320,300,330,370,380,430,480,520,550,610,700,810,890,1010,1100,1200,1080,1260,1440,1460,1150,1070,970,940,
Zambia,190,190,210,270,280,330,370,410,450,440,440,450,580,590,570,500,490,510,610,690,610,500,420,340,250,260,330,400,430,390,360,380,350,380,400,400,360,350,330,350,360,410,460,560,720,900,1180,1280,1340,1420,1690,1760,1800,1580,1370,1300,1460,1450
Zimbabwe,270,270,260,280,280,300,300,340,400,410,450,530,670,730,710,650,650,730,900,1060,1040,960,830,740,690,700,810,840,860,850,700,640,630,620,690,700,620,570,510,540,490,440,450,460,440,420,330,420,630,920,1110,1210,1260,1280,1290,1360,1530,1390
